type,uuid,organization_id,project_id,provider,region,id,internal_id
billing-integration.hourly.test,d70d6153-323c-4a9a-8a07-26492ac996db,406fbbc9-eced-48d1-a19b-b0ed28dfeea2,463ff43e-7485-4dda-bd7b-1b6b7cfc460b,aws,us-west-2,test-hourly-resource-74,7f4a2033-c952-41ad-9666-617f7b558945
billing-integration.hourly.test,0b7af5de-61af-4832-96ec-bc3065696736,c42b4002-e960-417a-9dcf-a712a749d9f8,f1748af9-fab2-4cb0-873c-7e6b4f29a6ff,aws,us-west-2,32-test-hourly-59,883a0daa-acb7-426f-b193-ed42940b3690
billing-integration.hourly.test,91fdabe8-98ae-44ac-a8db-1501c984d19d,c42b4002-e960-417a-9dcf-a712a749d9f8,f1748af9-fab2-4cb0-873c-7e6b4f29a6ff,aws,us-west-2,31-test-hourly-36,5f2c87e9-b598-487e-9077-32f53fcda365
billing-integration.hourly.test,5043242c-e105-4500-ab9d-96b7004caa81,c42b4002-e960-417a-9dcf-a712a749d9f8,f1748af9-fab2-4cb0-873c-7e6b4f29a6ff,aws,us-west-2,30-test-hourly-42,773a7d1c-04ca-42ad-8c1e-1107a3fd86d6
billing-integration.hourly.test,82722818-b964-4b94-ae83-6a14296d3b65,c42b4002-e960-417a-9dcf-a712a749d9f8,f1748af9-fab2-4cb0-873c-7e6b4f29a6ff,aws,us-west-2,29-test-hourly-51,1cd719fc-fa5d-4310-858b-2807608d123e
billing-integration.hourly.test,cfed0917-aab1-4ef3-84bd-9457f6a9f64a,941029ce-5f61-4c4a-88e3-b440d6336224,2b54f036-b850-49c2-8ce9-ec38dfb13fb0,aws,us-west-2,test-hourly-resource-44,931bb057-d2aa-4a29-880f-133a4f99baf4
billing-integration.hourly.test,b92e89a3-3fb7-449b-9846-403865c16d98,941029ce-5f61-4c4a-88e3-b440d6336224,2b54f036-b850-49c2-8ce9-ec38dfb13fb0,aws,us-west-2,test-hourly-resource-80,f603afb8-19b9-4c4f-87ab-084934764b86
billing-integration.hourly.test,1926a48d-a764-475f-bf87-83934de727d1,941029ce-5f61-4c4a-88e3-b440d6336224,2b54f036-b850-49c2-8ce9-ec38dfb13fb0,aws,us-west-2,test-hourly-resource-68,c7890b5d-7ca1-4e60-b50e-98e8f277c8ad
billing-integration.hourly.test,c3406da7-d516-40c1-afb7-2ec17094c0c8,a112a9c2-c688-47d9-8cff-9ba093658e75,6830f1c3-3413-4ede-9e65-7cd559ba5648,aws,us-west-2,36-test-hourly-46,725fd1fc-c861-4993-8bbe-086ecc18db7f
billing-integration.hourly.test,61e597f5-d305-46d0-847f-3a0e41ad1032,a112a9c2-c688-47d9-8cff-9ba093658e75,6830f1c3-3413-4ede-9e65-7cd559ba5648,aws,us-west-2,35-test-hourly-93,f3d5ad9d-605f-4532-9042-b4c6c077368f
billing-integration.hourly.test,3d690edd-b7c8-4d2b-a3d4-f7eaa5893072,a112a9c2-c688-47d9-8cff-9ba093658e75,6830f1c3-3413-4ede-9e65-7cd559ba5648,aws,us-west-2,33-test-hourly-55,182094c8-eecd-477b-9cd3-b5992be1b1de
billing-integration.hourly.test,50de8847-e437-4ead-9a4b-7791c57b7f07,a112a9c2-c688-47d9-8cff-9ba093658e75,6830f1c3-3413-4ede-9e65-7cd559ba5648,aws,us-west-2,37-test-hourly-24,461172e3-4d6b-4d2b-8180-5cc6fb4caf80
billing-integration.monthly-cumulative.test,177c4d7b-0e7a-4fc5-a861-bca30b4e34a4,b355bfe7-8e8d-4ea4-86ad-31d33b1d35f1,0bff8b02-390f-4fd6-9d48-b20bbb5f08b7,aws,us-west-2,3-test-monthly-cmv-94,e34c849a-4c6c-43b2-9db3-e36d946f589c
billing-integration.hourly.test,b822929d-3f70-4457-a7ea-34d70c10863f,803a5362-93f2-4165-9d21-8b772cc369fe,1ea00ddb-7327-4bd8-bd57-f2a580bcc2fc,aws,us-west-2,15-test-hourly-31,28aac6e4-56c6-4d48-8efb-73547d769be7
billing-integration.hourly.test,dd413064-3ac0-4a79-9f14-06827447c5c8,803a5362-93f2-4165-9d21-8b772cc369fe,1ea00ddb-7327-4bd8-bd57-f2a580bcc2fc,aws,us-west-2,9-test-hourly-81,e6ef4639-a024-42e0-a97d-a77da12444c6
billing-integration.hourly.test,16c5a7d5-7cee-4b4c-875e-473ca8f385c4,803a5362-93f2-4165-9d21-8b772cc369fe,1ea00ddb-7327-4bd8-bd57-f2a580bcc2fc,aws,us-west-2,13-test-hourly-61,38eddba2-e1e0-4326-8426-79d014d3d31d
billing-integration.hourly.test,075b1ecf-dd6d-48e0-b8a8-9543edd6d208,803a5362-93f2-4165-9d21-8b772cc369fe,1ea00ddb-7327-4bd8-bd57-f2a580bcc2fc,aws,us-west-2,11-test-hourly-63,b35f5595-1f05-427d-b3a2-c2089059a891
billing-integration.hourly.test,7ffabe04-2667-4304-b624-38424081334c,4cdc9d01-3ee1-4ea3-a840-a961e4edbb23,7224fcef-437f-4c56-aa99-a993095cc95b,aws,us-west-2,38-test-hourly-60,1c301904-71ea-4eeb-89f8-c08adbb3fde7
billing-integration.hourly.test,8c7aede8-3a9e-430e-8126-4506daf653af,4cdc9d01-3ee1-4ea3-a840-a961e4edbb23,7224fcef-437f-4c56-aa99-a993095cc95b,aws,us-west-2,39-test-hourly-45,c1530889-803d-4218-ab2c-1b5eba07464a
billing-integration.hourly.test,6b68c34d-ca24-49ee-900d-fab1441477b7,4cdc9d01-3ee1-4ea3-a840-a961e4edbb23,7224fcef-437f-4c56-aa99-a993095cc95b,aws,us-west-2,36-test-hourly-15,6076e79a-0aa9-4c9b-a36f-c9df06e5776c
billing-integration.hourly.test,f3ec63bb-1132-4011-8afe-349511c866a8,4cdc9d01-3ee1-4ea3-a840-a961e4edbb23,7224fcef-437f-4c56-aa99-a993095cc95b,aws,us-west-2,37-test-hourly-79,6776b829-07b3-49d6-98fb-4bdfdfef5d40
billing-integration.hourly.test,082e0329-ef06-4a8e-a236-e20d7ba389b5,853edd08-e3a3-43f5-a8da-c4d148f8f6c1,e379b8f1-158c-430d-942a-49a2a2dafee0,aws,us-west-2,53-test-hourly-8,ef7ec31d-d0d1-4fa2-a793-239e93a252cd
billing-integration.hourly.test,8e051f2c-b7c7-4d19-a30f-1095b449a3fa,853edd08-e3a3-43f5-a8da-c4d148f8f6c1,e379b8f1-158c-430d-942a-49a2a2dafee0,aws,us-west-2,52-test-hourly-55,0682a59b-7ccf-46b0-9010-626c07fc53d7
billing-integration.hourly.test,f3561ace-cc54-432e-b811-ea7286de8d0e,853edd08-e3a3-43f5-a8da-c4d148f8f6c1,e379b8f1-158c-430d-942a-49a2a2dafee0,aws,us-west-2,51-test-hourly-6,e89747d2-8fea-4c99-bad7-df3ba9f6077a
billing-integration.hourly.test,fa234144-fb02-420e-98fa-8e1689b43d31,853edd08-e3a3-43f5-a8da-c4d148f8f6c1,e379b8f1-158c-430d-942a-49a2a2dafee0,aws,us-west-2,50-test-hourly-92,1932f78b-7627-466f-9d4c-d7c690cbacea
billing-integration.hourly.test,8eac22aa-e369-4a56-a558-47026eef9437,ec5b6c91-6ea4-41d5-8cdf-64afed2a8cb0,86dcee42-561c-40c5-b247-8287f3d81692,aws,us-west-2,87-test-hourly-87,c6f9b170-7ca5-4162-83d3-de7e47aa319a
billing-integration.hourly.test,eda5bca2-6735-4ec5-8c47-cd602a53b931,ec5b6c91-6ea4-41d5-8cdf-64afed2a8cb0,86dcee42-561c-40c5-b247-8287f3d81692,aws,us-west-2,86-test-hourly-5,1cb7f2b6-be37-4c0f-abf4-d55d2f6aaa90
billing-integration.hourly.test,9ba4deaa-6e03-470b-8074-5b52a79f2a3a,ec5b6c91-6ea4-41d5-8cdf-64afed2a8cb0,86dcee42-561c-40c5-b247-8287f3d81692,aws,us-west-2,85-test-hourly-30,2794c502-c5b0-4474-a7b3-b4d7d53fa6ac
billing-integration.hourly.test,fa27dce5-dc7b-462a-84f7-0759b3d55832,ec5b6c91-6ea4-41d5-8cdf-64afed2a8cb0,86dcee42-561c-40c5-b247-8287f3d81692,aws,us-west-2,84-test-hourly-51,0e9e5bb0-e826-48ce-8426-beeeaae8c21d
billing-integration.hourly.test,9d232087-ead4-4cc5-8da7-e48c7a7e7f96,14fe29ff-fe58-416c-89d2-48410197163e,d82a5d26-ae4e-4c78-818a-3270f9ed2606,aws,us-west-2,48-test-hourly-44,617cc06d-6cc2-43ee-bf4c-11ac726f1ef7
billing-integration.hourly.test,9e25b189-dd65-4964-9d73-da58b57ede52,14fe29ff-fe58-416c-89d2-48410197163e,d82a5d26-ae4e-4c78-818a-3270f9ed2606,aws,us-west-2,47-test-hourly-17,64041ec6-1865-47ab-ab80-ccc42f3cab0c
billing-integration.hourly.test,234ab103-3595-4af0-833d-2a2a873549de,14fe29ff-fe58-416c-89d2-48410197163e,d82a5d26-ae4e-4c78-818a-3270f9ed2606,aws,us-west-2,46-test-hourly-93,2d9c81a6-729a-40ab-8f72-93b360f71722
billing-integration.hourly.test,15ef28ab-6cf5-4859-be1f-9aa3640da9fb,14fe29ff-fe58-416c-89d2-48410197163e,d82a5d26-ae4e-4c78-818a-3270f9ed2606,aws,us-west-2,45-test-hourly-17,a4da8dc4-6d02-48db-ac06-706643d2d254
billing-integration.hourly.test,bd6c7eb5-ff9c-4a1d-8847-b7aa82cf4a2c,b4eb2fb8-2506-4df7-965c-c83814b07eef,91e34d10-257d-4851-a231-224b17eefa66,aws,us-west-2,test-hourly-resource-80,490bb93a-3390-4044-89f7-278ffcbbb55d
billing-integration.hourly.test,080fba49-989e-4faa-95d6-d3c06c5ace37,b4eb2fb8-2506-4df7-965c-c83814b07eef,91e34d10-257d-4851-a231-224b17eefa66,aws,us-west-2,test-hourly-resource-76,ea96b554-d755-4b61-9965-03b2957e07e8
billing-integration.hourly.test,1790742e-8e97-431f-a4d0-3d9e69467ac7,489146fa-3571-4aed-a877-f6784496aecf,44f975cc-de7d-4d85-95ae-19fa0713af9d,aws,us-west-2,24-test-hourly-2,08c1c267-9b80-4013-bdd2-dd2f5b4d482d
billing-integration.hourly.test,043db00b-4870-4fde-8414-6ba67091eca5,489146fa-3571-4aed-a877-f6784496aecf,44f975cc-de7d-4d85-95ae-19fa0713af9d,aws,us-west-2,22-test-hourly-11,48282f41-7ee2-48de-bc5d-fb511487743d
billing-integration.hourly.test,22f159c5-1f6c-4946-864f-4e42a5bac799,489146fa-3571-4aed-a877-f6784496aecf,44f975cc-de7d-4d85-95ae-19fa0713af9d,aws,us-west-2,21-test-hourly-6,7799cbc9-93dc-4163-86d5-a5648cf5dea8
billing-integration.hourly.test,8a611906-e25f-4b87-b197-81e98d113269,489146fa-3571-4aed-a877-f6784496aecf,44f975cc-de7d-4d85-95ae-19fa0713af9d,aws,us-west-2,23-test-hourly-5,c67c6a72-8a73-4713-9381-4f4291e2ec02
billing-integration.hourly.test,d5c759ae-81e7-4c8e-9000-e617b9451394,908557c9-20ad-4793-a057-6d86625edb15,d29e651e-23af-46b7-a866-3d5b78b4ed75,aws,us-west-2,34-test-hourly-27,b9aa1b3d-e1d7-416d-9ad5-fd05e0c555a4
billing-integration.hourly.test,5da506e3-4023-4bb7-a9cd-a285eedca23e,908557c9-20ad-4793-a057-6d86625edb15,d29e651e-23af-46b7-a866-3d5b78b4ed75,aws,us-west-2,33-test-hourly-43,cc831a62-794a-4a95-8a1a-f8e0658363bc
billing-integration.hourly.test,70d11c3e-1f5f-4c83-ac24-88cf37ed25fc,908557c9-20ad-4793-a057-6d86625edb15,d29e651e-23af-46b7-a866-3d5b78b4ed75,aws,us-west-2,32-test-hourly-26,8519753d-5063-4de9-bb3d-d0b8dd18ae25
billing-integration.hourly.test,e2fd38d6-0c42-42c0-8f90-970cfe42dca3,908557c9-20ad-4793-a057-6d86625edb15,d29e651e-23af-46b7-a866-3d5b78b4ed75,aws,us-west-2,31-test-hourly-90,2d80a4dd-278d-4c6a-9987-0061c02d4ee3
billing-integration.hourly.test,fea3ccac-674f-4dc4-9fb8-402027760bc9,8abdec93-1d3a-4e46-b3f8-b07a5530da15,b1d08953-265c-4018-9ab7-5915b0a0b59c,aws,us-west-2,20-test-hourly-42,1b231326-04db-44ee-bf29-2bb88d13d0e2
billing-integration.hourly.test,ab224eaa-d8ea-4e7a-a559-44457b86c64c,8abdec93-1d3a-4e46-b3f8-b07a5530da15,b1d08953-265c-4018-9ab7-5915b0a0b59c,aws,us-west-2,21-test-hourly-21,fb58f6ac-79f3-4664-8260-c7df66c6b5de
billing-integration.hourly.test,85cfe518-4faf-45e3-821b-be4d57abd119,8abdec93-1d3a-4e46-b3f8-b07a5530da15,b1d08953-265c-4018-9ab7-5915b0a0b59c,aws,us-west-2,19-test-hourly-76,0f456106-0b22-42ce-9e09-0ba57143354c
billing-integration.hourly.test,704d17ae-1297-4e1f-9980-3336738a4288,e2945ae7-3e57-4b8e-bb90-339e02b06212,1de385ae-89f8-4dcb-9115-d66c820db747,aws,us-west-2,41-test-hourly-93,0587f3a0-c7c8-49fc-bc6f-00076f6cb54d
billing-integration.hourly.test,be7fb92e-edc4-4269-8fb4-3f4a4f650691,e2945ae7-3e57-4b8e-bb90-339e02b06212,1de385ae-89f8-4dcb-9115-d66c820db747,aws,us-west-2,40-test-hourly-54,2d6f9f79-999a-4dca-aebc-b63d2869b2c9
billing-integration.hourly.test,a03baf2d-e38c-4cd5-8d0b-40b056f870db,e2945ae7-3e57-4b8e-bb90-339e02b06212,1de385ae-89f8-4dcb-9115-d66c820db747,aws,us-west-2,39-test-hourly-75,64126721-cbb1-4574-82db-d6054fb773ff
billing-integration.hourly.test,f5af884c-4fed-44e7-bd4d-52f369228590,e2945ae7-3e57-4b8e-bb90-339e02b06212,1de385ae-89f8-4dcb-9115-d66c820db747,aws,us-west-2,38-test-hourly-11,ce16b204-c24a-41be-9831-99d8d0718fba
billing-integration.hourly.test,1898f8e1-1524-4e79-bb18-ec913ea0e33d,e1a0964f-5ebc-4ced-8513-04a9a8913e5a,d72a1d7e-cf06-4784-838c-51c54907159d,aws,us-west-2,32-test-hourly-7,2ca31cdd-9d60-468b-bf66-db752b8f8ac1
billing-integration.hourly.test,b5eb00a1-437c-40bb-9375-6fd2c34864ed,e1a0964f-5ebc-4ced-8513-04a9a8913e5a,d72a1d7e-cf06-4784-838c-51c54907159d,aws,us-west-2,31-test-hourly-49,51255848-c316-4998-85c9-ce3e6fce4f4b
billing-integration.hourly.test,1f8178e8-02b7-412b-93b9-63f4a6cb4107,e1a0964f-5ebc-4ced-8513-04a9a8913e5a,d72a1d7e-cf06-4784-838c-51c54907159d,aws,us-west-2,29-test-hourly-79,b41b4007-8210-477d-99a7-9bb1a4a16bb4
billing-integration.hourly.test,24098c69-e3c8-4896-bbe8-56132e63b51a,e1a0964f-5ebc-4ced-8513-04a9a8913e5a,d72a1d7e-cf06-4784-838c-51c54907159d,aws,us-west-2,30-test-hourly-91,364edf86-d1e6-4fcf-b708-32eaa3e47884
billing-integration.hourly.test,6aed61d0-d5f8-4579-9efd-389e5bb75135,025d8bf7-db07-49c7-b74e-60d7648fd8c3,df6eac52-0138-4838-bd47-fbdd58286226,aws,us-west-2,21-test-hourly-73,7edf6924-cf81-4f63-8bb6-833f74578d39
billing-integration.hourly.test,27478ddf-4a69-4d44-a4fd-2a1fae2cbeeb,025d8bf7-db07-49c7-b74e-60d7648fd8c3,df6eac52-0138-4838-bd47-fbdd58286226,aws,us-west-2,20-test-hourly-66,c54c2837-2c91-4850-83e4-e87180cb3240
billing-integration.hourly.test,2466e54d-8b5b-4115-828e-58866ed58a07,025d8bf7-db07-49c7-b74e-60d7648fd8c3,df6eac52-0138-4838-bd47-fbdd58286226,aws,us-west-2,19-test-hourly-11,48558aff-42b7-42b4-bcda-d440c7f71d5b
billing-integration.hourly.test,ebd5d3d1-4359-4942-8c12-c175e5ca269f,025d8bf7-db07-49c7-b74e-60d7648fd8c3,df6eac52-0138-4838-bd47-fbdd58286226,aws,us-west-2,22-test-hourly-1,9cfe38f3-bcbc-4547-8c6b-47ed1f1a30a6
billing-integration.monthly-cumulative.test,88500113-dc3e-43fc-a66a-b631d1d8bc0b,55aa67cd-4e01-4bcb-8c34-e23ab467b7c2,bdf8eb53-3d3a-4ab8-abfd-387891a3f673,aws,us-west-2,26-test-monthly-cmv-44,c337acfd-86de-455a-9953-6b41e529e1e0
billing-integration.hourly.test,f591ccd9-fe46-47ef-892f-13330679ca64,f2c8704f-082c-428c-ae28-26c52124448b,38ecda20-1684-454a-8d28-c5defaaba8bb,aws,us-west-2,36-test-hourly-69,4aa8d6b7-8546-434d-949c-7d9419646eef
billing-integration.hourly.test,b6a2a162-d0ea-4b63-81ef-cd8ca341a5d9,f2c8704f-082c-428c-ae28-26c52124448b,38ecda20-1684-454a-8d28-c5defaaba8bb,aws,us-west-2,35-test-hourly-23,d67907cc-8763-41ac-9d00-883aa5aec63f
billing-integration.hourly.test,9f85293a-5b48-418a-a6bc-37ed18c0d372,f2c8704f-082c-428c-ae28-26c52124448b,38ecda20-1684-454a-8d28-c5defaaba8bb,aws,us-west-2,34-test-hourly-91,c6692665-4335-407b-92e2-05ab63c03ace
billing-integration.hourly.test,1c9aa617-aab2-427c-bf6d-51dad46d06c0,f2c8704f-082c-428c-ae28-26c52124448b,38ecda20-1684-454a-8d28-c5defaaba8bb,aws,us-west-2,33-test-hourly-28,01b7a453-b4b6-42bf-805b-04c8ec4332e1
billing-integration.hourly.test,aad43150-6691-491c-b3d1-b66fe16d2def,f4d9a144-9fb5-4a6f-96f2-d269d33e28ed,04f00fdd-3820-4ebf-a2c7-e28153ea1a9b,aws,us-west-2,13-test-hourly-87,30c71ef9-8fec-4b61-8f08-f5712d2d8038
billing-integration.hourly.test,55818b34-1152-4859-9dc9-f37cc80b32de,f4d9a144-9fb5-4a6f-96f2-d269d33e28ed,04f00fdd-3820-4ebf-a2c7-e28153ea1a9b,aws,us-west-2,12-test-hourly-12,705f8ffb-42e8-4146-89f7-c369177b68d8
billing-integration.hourly.test,0f66c609-c354-4445-9514-3c7508ae2d61,f4d9a144-9fb5-4a6f-96f2-d269d33e28ed,04f00fdd-3820-4ebf-a2c7-e28153ea1a9b,aws,us-west-2,11-test-hourly-59,0db1594c-2dd3-44d5-a174-1760772d3a0b
billing-integration.hourly.test,f1a41e79-e36c-4560-bfd0-18230eb4b925,f4d9a144-9fb5-4a6f-96f2-d269d33e28ed,04f00fdd-3820-4ebf-a2c7-e28153ea1a9b,aws,us-west-2,9-test-hourly-73,4ed86c43-c4d4-457c-9666-508c0dbd9f93
billing-integration.hourly.test,dd5eada2-3d5c-49cf-8252-70f07cdfa18a,0b0ae3ec-f2a1-4919-87a9-cc93ee057119,c0346ab9-8edb-4efa-8e49-bddee0569f97,aws,us-west-2,13-test-hourly-11,5a73946e-b67d-476f-8cd0-14ab63cf1113
billing-integration.hourly.test,7f77127c-11ec-465c-a38c-6495003f654d,0b0ae3ec-f2a1-4919-87a9-cc93ee057119,c0346ab9-8edb-4efa-8e49-bddee0569f97,aws,us-west-2,12-test-hourly-56,323553d6-e6e7-4bb6-b7d4-0ad757c3145d
billing-integration.hourly.test,8464b6d2-3718-4857-b27a-ecc5ea978fbc,0b0ae3ec-f2a1-4919-87a9-cc93ee057119,c0346ab9-8edb-4efa-8e49-bddee0569f97,aws,us-west-2,9-test-hourly-25,e8418945-67aa-4505-9dd7-99e99bcdb45d
billing-integration.hourly.test,ea2cc3ef-7776-4f41-94f4-7964b1d00905,0b0ae3ec-f2a1-4919-87a9-cc93ee057119,c0346ab9-8edb-4efa-8e49-bddee0569f97,aws,us-west-2,8-test-hourly-40,26b4b1bc-0738-4af0-b74d-9a860726e203
billing-integration.hourly.test,2fea5f8f-03d2-4359-bcd0-a1e663c08f92,c0b66906-cb7f-41b1-b31a-6b09b9fbb816,db1f6794-3014-4958-a846-23de4645dfbd,aws,us-west-2,test-hourly-resource-51,0f5702c5-cf9a-4918-a554-a77310431b31
billing-integration.hourly.test,9de7876d-757d-4a13-b47a-f91fb1f0d3b6,c0b66906-cb7f-41b1-b31a-6b09b9fbb816,db1f6794-3014-4958-a846-23de4645dfbd,aws,us-west-2,test-hourly-resource-48,a2deb83e-6f67-4654-8121-24859cb79f9a
billing-integration.hourly.test,be81a4ef-fd53-48d4-822e-8cda380cb4a1,c0b66906-cb7f-41b1-b31a-6b09b9fbb816,db1f6794-3014-4958-a846-23de4645dfbd,aws,us-west-2,test-hourly-resource-40,5ef09e73-9bfa-4106-beac-93af8716d4c4
billing-integration.hourly.test,936a6ec5-f77f-41b7-9bf9-75495bffdb2e,4757f12b-3788-47b1-b4b5-bae58e9d5c29,615dce42-ea3d-448d-abf3-7ad66ab3cdd9,aws,us-west-2,63-test-hourly-85,8abacc1d-f483-4865-92a6-b5ca64f826f1
billing-integration.hourly.test,1a716414-773b-4f26-bc78-019fe776e64d,4757f12b-3788-47b1-b4b5-bae58e9d5c29,615dce42-ea3d-448d-abf3-7ad66ab3cdd9,aws,us-west-2,62-test-hourly-7,9bfd8e17-d608-4ca8-84fb-ac3ba63f3679
billing-integration.hourly.test,2352cb2b-6aef-4fd4-9fce-cadca30da165,4757f12b-3788-47b1-b4b5-bae58e9d5c29,615dce42-ea3d-448d-abf3-7ad66ab3cdd9,aws,us-west-2,61-test-hourly-54,f04d290f-0fc4-47be-a7f9-7687871e1005
billing-integration.hourly.test,06844014-00cd-4a59-8abc-de588684373f,4757f12b-3788-47b1-b4b5-bae58e9d5c29,615dce42-ea3d-448d-abf3-7ad66ab3cdd9,aws,us-west-2,60-test-hourly-63,96ff248f-dcb3-418c-9482-519c49b2432b
billing-integration.hourly.test,54ac0c8a-0261-4843-93f2-81fc9bcfa57c,2e6e1a56-1567-4478-a905-2e356595440f,5f1226f0-006d-4ea4-85aa-9ac3b433f507,aws,us-west-2,21-test-hourly-10,9c84250b-13e7-490e-bc6c-d5f8e2eba532
billing-integration.hourly.test,68e469e7-abb1-4ff3-b1a2-c398ce4e4406,2e6e1a56-1567-4478-a905-2e356595440f,5f1226f0-006d-4ea4-85aa-9ac3b433f507,aws,us-west-2,20-test-hourly-5,eef69cfa-3afe-4729-8159-8bacf7284f8b
billing-integration.hourly.test,579b3d9b-fee1-4bb1-994c-1b65e90de471,2e6e1a56-1567-4478-a905-2e356595440f,5f1226f0-006d-4ea4-85aa-9ac3b433f507,aws,us-west-2,19-test-hourly-93,6579af82-e15f-4927-86bb-693c9be5b659
billing-integration.hourly.test,dddf10d9-bbe0-44eb-a77c-e958c3969ae4,2e6e1a56-1567-4478-a905-2e356595440f,5f1226f0-006d-4ea4-85aa-9ac3b433f507,aws,us-west-2,18-test-hourly-70,ab2e2814-eb5c-4c26-be63-ab9205d58437
billing-integration.hourly.test,bb78d837-dc45-4902-a5ee-e900dd12525e,2fa92693-4538-4dea-9f82-3d4813ab9180,957c0a7c-ddc6-4e50-ab00-91c4179ec433,aws,us-west-2,31-test-hourly-32,83e0d9e8-174a-44f3-ad7e-67da3308ee45
billing-integration.hourly.test,5018d237-e195-4d56-afee-0e5546dfe5f6,2fa92693-4538-4dea-9f82-3d4813ab9180,957c0a7c-ddc6-4e50-ab00-91c4179ec433,aws,us-west-2,30-test-hourly-35,1831e25f-d3e6-4960-820f-d740ebaeacd9
billing-integration.hourly.test,8fc91e0f-5929-4bb9-af24-7d26711cb416,2fa92693-4538-4dea-9f82-3d4813ab9180,957c0a7c-ddc6-4e50-ab00-91c4179ec433,aws,us-west-2,29-test-hourly-61,1a471e1b-9595-479d-8e8c-456f5ab84cfd
billing-integration.hourly.test,6d1a2220-cbe1-4733-a448-1be90be338f8,2fa92693-4538-4dea-9f82-3d4813ab9180,957c0a7c-ddc6-4e50-ab00-91c4179ec433,aws,us-west-2,28-test-hourly-95,4c170453-01e2-4566-b34a-6195da7fece6
billing-integration.hourly.test,f8ffaf39-1058-4e4a-8eb4-706448fbbe55,5adcd5ca-2d3b-4b43-9cf3-8565bfaa4c7e,ea52fe92-0f02-48f0-adf3-8e5ef714626f,aws,us-west-2,54-test-hourly-54,058dcf63-a23c-44c6-bf53-2d34d45aec9b
billing-integration.hourly.test,37d80487-da26-48a2-a696-096282be43df,5adcd5ca-2d3b-4b43-9cf3-8565bfaa4c7e,ea52fe92-0f02-48f0-adf3-8e5ef714626f,aws,us-west-2,53-test-hourly-69,63982f9a-17d7-483c-8ee6-3eddcb4d84f7
billing-integration.hourly.test,b6a76794-8f59-44ea-b8a8-c0c4d0c19da1,5adcd5ca-2d3b-4b43-9cf3-8565bfaa4c7e,ea52fe92-0f02-48f0-adf3-8e5ef714626f,aws,us-west-2,52-test-hourly-70,05a92e10-2e43-4898-b440-c94e059fa607
billing-integration.hourly.test,1c8dcaa9-3dc2-4eda-a54d-731ce94a847a,5adcd5ca-2d3b-4b43-9cf3-8565bfaa4c7e,ea52fe92-0f02-48f0-adf3-8e5ef714626f,aws,us-west-2,51-test-hourly-68,c3e68008-8474-409d-84cb-753f104d0888
billing-integration.hourly.test,86d23394-669e-445b-a6aa-d5c19fb109d3,10e586fd-5e6a-40ab-8616-4687074e4bf1,4e9bc308-0d4c-477d-bdf0-63ea6b851434,aws,us-west-2,29-test-hourly-6,4ed8d57e-6b07-496d-b309-88d3db615213
billing-integration.hourly.test,792b2ee3-fe74-400f-b820-676956d8614b,10e586fd-5e6a-40ab-8616-4687074e4bf1,4e9bc308-0d4c-477d-bdf0-63ea6b851434,aws,us-west-2,28-test-hourly-56,d8b3bebe-bd26-4562-9208-a6663bba3e27
billing-integration.hourly.test,1d71f131-db93-4081-bc44-f156be8c773e,10e586fd-5e6a-40ab-8616-4687074e4bf1,4e9bc308-0d4c-477d-bdf0-63ea6b851434,aws,us-west-2,27-test-hourly-43,5f1bbbbd-78cd-4041-ac02-8b8331114518
billing-integration.hourly.test,ca5b1c6a-e6aa-4d69-8e22-413a90888ed8,10e586fd-5e6a-40ab-8616-4687074e4bf1,4e9bc308-0d4c-477d-bdf0-63ea6b851434,aws,us-west-2,26-test-hourly-60,969d1ea6-d535-4073-86ea-6006c49d334c
billing-integration.hourly.test,a46fe08d-b1d7-4ef4-b023-d4c1625c541f,74396b87-7e3e-47e1-ad6a-9629508ef15d,a7fbdaf0-d1d2-4df8-b403-9cd29b5ecb3f,aws,us-west-2,21-test-hourly-64,1f7335a1-7695-483a-9400-c3d1cba458f2
billing-integration.hourly.test,0799cadb-201d-40ee-8f9d-6d5d081a988e,74396b87-7e3e-47e1-ad6a-9629508ef15d,a7fbdaf0-d1d2-4df8-b403-9cd29b5ecb3f,aws,us-west-2,19-test-hourly-35,cbc27a29-12c1-4f41-9ab6-9dae647fb3cb
billing-integration.hourly.test,4d26a87a-4455-454f-a676-52567e293bef,74396b87-7e3e-47e1-ad6a-9629508ef15d,a7fbdaf0-d1d2-4df8-b403-9cd29b5ecb3f,aws,us-west-2,22-test-hourly-67,b3534ee4-aff9-4ec2-928c-b485e87446a2
billing-integration.hourly.test,d13642d6-e571-4461-9610-fd45fdeac896,74396b87-7e3e-47e1-ad6a-9629508ef15d,a7fbdaf0-d1d2-4df8-b403-9cd29b5ecb3f,aws,us-west-2,18-test-hourly-83,d321d393-9ddd-419d-8a9b-c1794db37b9e
billing-integration.hourly.test,8884f15f-fb14-450f-8b3f-e3a59471c7ed,5757c6be-7e5d-4660-8ddf-aa6eb2412ec7,4d5cfbeb-be9c-4e1d-af7d-39489047ff1f,aws,us-west-2,45-test-hourly-76,472b7d57-e91d-4cfa-aa4a-e22a28a0cc54
billing-integration.hourly.test,8c0a9215-5e92-4588-9598-65cd11424fbb,5757c6be-7e5d-4660-8ddf-aa6eb2412ec7,4d5cfbeb-be9c-4e1d-af7d-39489047ff1f,aws,us-west-2,44-test-hourly-35,03a3c54d-b206-4b8f-b3de-38a1dde277c7
billing-integration.hourly.test,6ab78ad8-afdf-4dd1-bcf6-0122833d30f1,5757c6be-7e5d-4660-8ddf-aa6eb2412ec7,4d5cfbeb-be9c-4e1d-af7d-39489047ff1f,aws,us-west-2,43-test-hourly-33,dcfd3c7a-7c9e-4ca8-a635-b60f0627909b
billing-integration.hourly.test,eefdc392-4b22-476c-8ed6-e77701b6a8fc,5757c6be-7e5d-4660-8ddf-aa6eb2412ec7,4d5cfbeb-be9c-4e1d-af7d-39489047ff1f,aws,us-west-2,42-test-hourly-44,9ce2b929-30b4-42e7-af79-fc474ce3259c
billing-integration.hourly.test,ec149b5b-d85c-4a67-b197-74b9a9fe5294,4976b217-922f-4cb7-85e1-2943eb101afb,5a38723e-6e0d-4306-b216-02d769d42f7c,aws,us-west-2,39-test-hourly-76,3e206209-c487-4a6b-b436-8dde4e1d40e6
billing-integration.hourly.test,d111a142-47ed-4540-917d-8f4101fb1ea7,4976b217-922f-4cb7-85e1-2943eb101afb,5a38723e-6e0d-4306-b216-02d769d42f7c,aws,us-west-2,38-test-hourly-60,6645b2a8-87e7-47bb-87b4-06a68f79184e
billing-integration.hourly.test,6519f92a-d975-4727-abe5-4b512dfd84ee,4976b217-922f-4cb7-85e1-2943eb101afb,5a38723e-6e0d-4306-b216-02d769d42f7c,aws,us-west-2,37-test-hourly-43,31c68daf-213b-4828-89a2-31491a15c06e
billing-integration.hourly.test,0aa8b0c8-1013-4b18-8fbf-4047c8371985,4976b217-922f-4cb7-85e1-2943eb101afb,5a38723e-6e0d-4306-b216-02d769d42f7c,aws,us-west-2,36-test-hourly-64,19ae524a-9293-43a5-bd5e-ecc97a0ebce7
billing-integration.hourly.test,3f9f693e-f9cd-41f6-849a-705b0ebe8b75,a3c6f2a8-88c2-4be8-9f6c-c16eb2c8447c,e358f437-dd51-479a-a62e-80fe668d8f88,aws,us-west-2,36-test-hourly-64,e26ab1b2-c23f-4dd0-ba54-6ce2c818ad81
billing-integration.hourly.test,d5886fdd-9e17-497c-8f9b-26f424357521,a3c6f2a8-88c2-4be8-9f6c-c16eb2c8447c,e358f437-dd51-479a-a62e-80fe668d8f88,aws,us-west-2,35-test-hourly-48,6a8b4793-cbdf-4036-b60f-72bc635274f4
billing-integration.hourly.test,25fad6db-aa2c-4803-b20e-32a25486023f,a3c6f2a8-88c2-4be8-9f6c-c16eb2c8447c,e358f437-dd51-479a-a62e-80fe668d8f88,aws,us-west-2,34-test-hourly-49,7e9d1022-3617-4817-90c3-41851276d0b6
billing-integration.hourly.test,7c3cfc7c-8658-4972-856e-af2c3c71b28f,a3c6f2a8-88c2-4be8-9f6c-c16eb2c8447c,e358f437-dd51-479a-a62e-80fe668d8f88,aws,us-west-2,33-test-hourly-56,38131ba8-ad91-451c-ab01-c4e58d47dd94
billing-integration.hourly.test,a43b0568-3aa9-4a69-bf68-025a476b17bc,9e874d69-0937-43d6-a2e4-e3e454cd5068,f94c5c5e-6117-4621-81fb-e5988390645f,aws,us-west-2,test-hourly-resource-4,8d845445-b88f-416a-a81e-3c7ae1acd430
billing-integration.hourly.test,8b1c552e-d67c-4593-8403-e64cffd0141a,9e874d69-0937-43d6-a2e4-e3e454cd5068,f94c5c5e-6117-4621-81fb-e5988390645f,aws,us-west-2,test-hourly-resource-96,fd8ee918-a7c7-4a52-bb47-b30f32018c2a
billing-integration.hourly.test,6643400f-d033-42d7-a38b-4b67de387616,521a2de0-4de3-44e5-a212-e5be4d9d49bd,b5368a52-a543-4346-971f-47fbea8e4d86,aws,us-west-2,26-test-hourly-46,3cf49831-cc51-4a49-9816-fc5161c5f703
billing-integration.hourly.test,48b88fde-8fef-4f16-9ccc-4001525f71fe,521a2de0-4de3-44e5-a212-e5be4d9d49bd,b5368a52-a543-4346-971f-47fbea8e4d86,aws,us-west-2,28-test-hourly-50,c3325f23-0f1c-4cb9-91fe-2c9694f56aa7
billing-integration.hourly.test,0bd3f61c-25f4-445c-846b-f86a0b293e12,521a2de0-4de3-44e5-a212-e5be4d9d49bd,b5368a52-a543-4346-971f-47fbea8e4d86,aws,us-west-2,25-test-hourly-61,6c0369f4-9f0c-4804-ad8c-79eba0b2ccb8
billing-integration.hourly.test,9ff74537-a8b6-48fc-9857-7503c7b6e895,521a2de0-4de3-44e5-a212-e5be4d9d49bd,b5368a52-a543-4346-971f-47fbea8e4d86,aws,us-west-2,27-test-hourly-93,923f864a-a719-448a-a697-83d82fab5778
billing-integration.hourly.test,114ee3d8-6a01-4f3f-bb34-f8614a3e51e8,b5079a08-ca2d-47f9-b593-d8ab67a9e525,d6ddb7ab-aecb-462b-935f-6e5089cc2556,aws,us-west-2,test-hourly-resource-91,9a619f8c-e3d0-4fec-b0c1-048b2323b19e
billing-integration.hourly.test,8a4e15b5-04dd-4c77-b2d9-b8b224726150,b5079a08-ca2d-47f9-b593-d8ab67a9e525,d6ddb7ab-aecb-462b-935f-6e5089cc2556,aws,us-west-2,test-hourly-resource-31,2be8c847-8f16-4245-bc7a-105b50d6cfdb
billing-integration.hourly.test,d09d10ac-8cb2-4bcd-b302-76f4ef71ea6c,b5079a08-ca2d-47f9-b593-d8ab67a9e525,d6ddb7ab-aecb-462b-935f-6e5089cc2556,aws,us-west-2,test-hourly-resource-57,cb151177-dfab-43bb-a81e-589acd41d9f3
billing-integration.hourly.test,cbdfa418-bf37-4ca6-8212-ca591bbc04da,8de19cbf-07d9-46b6-b81b-4060f01e7870,3692a865-15b7-45c3-ae11-49e56341f846,aws,us-west-2,25-test-hourly-85,90cbb530-d776-4479-a002-f6f4e9e3f005
billing-integration.hourly.test,53d695ce-eaa1-4a9b-a1f6-ef022c876b91,8de19cbf-07d9-46b6-b81b-4060f01e7870,3692a865-15b7-45c3-ae11-49e56341f846,aws,us-west-2,23-test-hourly-24,802f2799-664f-4477-b29e-196f70b3e388
billing-integration.hourly.test,55d2c439-ffef-4319-8a2a-af84b5e4de0a,8de19cbf-07d9-46b6-b81b-4060f01e7870,3692a865-15b7-45c3-ae11-49e56341f846,aws,us-west-2,22-test-hourly-46,62af49c1-dde0-4b52-9b0c-1a6776c6c6d6
billing-integration.hourly.test,49176983-0728-428a-9464-99d63a015646,8de19cbf-07d9-46b6-b81b-4060f01e7870,3692a865-15b7-45c3-ae11-49e56341f846,aws,us-west-2,24-test-hourly-43,a9da4db0-a8eb-4251-be6d-b672c3aaf55b
billing-integration.hourly.test,fa71b5d8-6675-4421-b7ff-d91aaa9ec932,53ebca4d-60b0-4129-8120-5748fe19d95f,d19d3dca-afe2-4cfc-9ec1-30ecaa2c9dcc,aws,us-west-2,37-test-hourly-80,920f9c51-3dbd-4cf0-a5a8-20186cb1489c
billing-integration.hourly.test,63807467-1885-4073-8b7d-d2c8aa085655,53ebca4d-60b0-4129-8120-5748fe19d95f,d19d3dca-afe2-4cfc-9ec1-30ecaa2c9dcc,aws,us-west-2,36-test-hourly-40,d53b9468-3490-4396-98ac-248f217995be
billing-integration.hourly.test,0ebb822e-aa55-4d70-a830-8b199c404904,53ebca4d-60b0-4129-8120-5748fe19d95f,d19d3dca-afe2-4cfc-9ec1-30ecaa2c9dcc,aws,us-west-2,35-test-hourly-0,db2e87c4-d40f-4f49-813b-0936c48ad1fe
billing-integration.hourly.test,f31e7918-1a21-4c31-8f3b-be9bf808808e,53ebca4d-60b0-4129-8120-5748fe19d95f,d19d3dca-afe2-4cfc-9ec1-30ecaa2c9dcc,aws,us-west-2,34-test-hourly-38,f8a4eb4a-36de-40b9-bc19-9aecafdd5df5
billing-integration.hourly.test,a1015a2b-3c59-4fd9-8794-07e31726f2c8,51534bc4-a0ec-4ef7-9f54-e99f7c22c287,8435ede3-45ad-4b0c-9749-9b5ddf39a036,aws,us-west-2,33-test-hourly-58,9cef5e4c-a9b7-4957-a767-6682e11229e5
billing-integration.hourly.test,b894ce1a-ed69-47ca-a7c5-3563d58d7674,51534bc4-a0ec-4ef7-9f54-e99f7c22c287,8435ede3-45ad-4b0c-9749-9b5ddf39a036,aws,us-west-2,32-test-hourly-14,4c78d964-bcb7-4aef-b180-d140b9def5a7
billing-integration.hourly.test,df763b92-caed-459a-9336-3b4e616d849d,51534bc4-a0ec-4ef7-9f54-e99f7c22c287,8435ede3-45ad-4b0c-9749-9b5ddf39a036,aws,us-west-2,31-test-hourly-7,32b7a038-92a2-4596-9f19-4577c8241853
billing-integration.hourly.test,4a4a3e33-c39a-4d21-b12d-dea881e26b6b,51534bc4-a0ec-4ef7-9f54-e99f7c22c287,8435ede3-45ad-4b0c-9749-9b5ddf39a036,aws,us-west-2,30-test-hourly-86,54660556-d062-4bd6-8517-25efe7b4cb42
billing-integration.hourly.test,6ae5b699-13a9-401c-b3bf-4911d6920dfc,4e807d8d-1411-43be-8cbe-f69725f6af92,b0c9022d-b905-4c1a-8c29-43862fa09879,aws,us-west-2,16-test-hourly-5,39a15901-8911-4dc8-9776-bd2e25b9b097
billing-integration.hourly.test,a9ee58ca-ba63-4f0b-98ab-a516830718aa,4e807d8d-1411-43be-8cbe-f69725f6af92,b0c9022d-b905-4c1a-8c29-43862fa09879,aws,us-west-2,15-test-hourly-63,347d48f6-393b-49c6-bd1c-53e2daadcb1a
billing-integration.hourly.test,b4ead5ba-2118-4d1c-b555-c4be917e8979,4e807d8d-1411-43be-8cbe-f69725f6af92,b0c9022d-b905-4c1a-8c29-43862fa09879,aws,us-west-2,14-test-hourly-52,af10c746-25fe-4a3f-af7c-e0564ac27e7c
billing-integration.hourly.test,64aac9d5-82c2-44cf-a9cd-1345f1d76dc0,4e807d8d-1411-43be-8cbe-f69725f6af92,b0c9022d-b905-4c1a-8c29-43862fa09879,aws,us-west-2,13-test-hourly-38,33c8d185-5e15-40dd-bd1b-93115b5fda3d
billing-integration.hourly.test,1486b34b-e376-499b-9c8a-24cef12e1f50,8bcbe88b-8215-4782-a1e2-da53f0117ab4,8197cb38-ce43-43e6-9c1c-12f8259d2d6c,aws,us-west-2,58-test-hourly-96,c5fd0b61-403a-4a6c-ba36-6a081f235df6
billing-integration.hourly.test,28d6cb9d-7302-49de-9c02-b46035383418,8bcbe88b-8215-4782-a1e2-da53f0117ab4,8197cb38-ce43-43e6-9c1c-12f8259d2d6c,aws,us-west-2,57-test-hourly-78,0c12b548-99f8-4712-a3e4-a3ee811df26d
billing-integration.hourly.test,26d646ab-797d-4f73-b4e6-49a35b095288,8bcbe88b-8215-4782-a1e2-da53f0117ab4,8197cb38-ce43-43e6-9c1c-12f8259d2d6c,aws,us-west-2,56-test-hourly-19,abbd097a-1561-4565-82fb-3bd411f12597
billing-integration.hourly.test,93af7dd1-844e-4fb6-a4a1-1959f15b9ca5,8bcbe88b-8215-4782-a1e2-da53f0117ab4,8197cb38-ce43-43e6-9c1c-12f8259d2d6c,aws,us-west-2,55-test-hourly-9,7165f06e-e278-403f-80be-653982cdc53d
billing-integration.monthly-metric-only.test,af08a7c4-04d4-4e4c-af4c-b6c8c025e32d,ac44edb4-2e42-488d-92de-d99f754f5781,9bd8067f-0887-4ba1-b5f0-b872f532b4f5,aws,us-west-2,21-test-monthly-metric-only-48,4641d2b6-8404-43bf-9412-95a898a9d56c
billing-integration.hourly.test,e83b9d47-f8aa-43f2-84ae-9033147b20fe,e4f78a5d-7564-41fe-a963-30769ac8b28f,0ced6284-2877-455e-a2a3-fe4755b732ee,aws,us-west-2,42-test-hourly-10,1d516424-10c6-412b-b4d9-6b7196f04be4
billing-integration.hourly.test,9f360261-e0c3-4eb7-bd50-b2aad81e4651,e4f78a5d-7564-41fe-a963-30769ac8b28f,0ced6284-2877-455e-a2a3-fe4755b732ee,aws,us-west-2,41-test-hourly-2,5d623af9-3187-41c5-a75e-2d764baa2ba3
billing-integration.hourly.test,7a67aaa1-6990-41c8-a8cf-a7f6928c6433,e4f78a5d-7564-41fe-a963-30769ac8b28f,0ced6284-2877-455e-a2a3-fe4755b732ee,aws,us-west-2,40-test-hourly-74,dd61cc2b-5af4-43f2-b1b1-05cca05c6217
billing-integration.hourly.test,67a30514-fdd1-425b-ab50-503fec4299bc,e4f78a5d-7564-41fe-a963-30769ac8b28f,0ced6284-2877-455e-a2a3-fe4755b732ee,aws,us-west-2,39-test-hourly-51,b37b704c-14f0-4978-bb38-da415ada3dd7
billing-integration.hourly.test,6b0ff342-5942-46b0-87c6-b9250b7e6145,53f049b2-9f20-4791-b57b-561890f94190,9c553ca7-e01d-450a-bfe8-fb175a90f6ca,aws,us-west-2,71-test-hourly-85,4c9afb68-bc2b-4c36-833c-508d6a2a323a
billing-integration.hourly.test,4bb191ef-4589-4ad7-9087-a2031917dffc,53f049b2-9f20-4791-b57b-561890f94190,9c553ca7-e01d-450a-bfe8-fb175a90f6ca,aws,us-west-2,70-test-hourly-29,2d89931c-763d-4a79-8814-d0872637e91c
billing-integration.hourly.test,3558892f-3e10-4959-9889-58f39b4b2468,53f049b2-9f20-4791-b57b-561890f94190,9c553ca7-e01d-450a-bfe8-fb175a90f6ca,aws,us-west-2,69-test-hourly-38,47709f3f-511e-4b5e-b5c2-48aa3d6f1c69
billing-integration.hourly.test,20247450-8bb5-4eea-a253-e2cb8c0a1bef,53f049b2-9f20-4791-b57b-561890f94190,9c553ca7-e01d-450a-bfe8-fb175a90f6ca,aws,us-west-2,68-test-hourly-96,05ed1554-c668-4889-aeab-0e01eff87c49
billing-integration.hourly.test,a59aea66-a04a-4d0e-a277-c090dd0f6b14,f07dd11f-bd3d-4921-a119-4dbacc0d13cb,d9a4d7cc-3c10-42c1-a605-5e06cbe3176a,aws,us-west-2,45-test-hourly-73,fdea8bfd-b821-40e1-a3b4-c9d945590548
billing-integration.hourly.test,8b54684a-f410-46dc-ac3a-887f97f22da6,f07dd11f-bd3d-4921-a119-4dbacc0d13cb,d9a4d7cc-3c10-42c1-a605-5e06cbe3176a,aws,us-west-2,44-test-hourly-5,3ca942bc-fc7c-492d-b115-0c9e6d5cbcd2
billing-integration.hourly.test,cfa922c9-46d4-439d-b56c-e21b9d1382ed,f07dd11f-bd3d-4921-a119-4dbacc0d13cb,d9a4d7cc-3c10-42c1-a605-5e06cbe3176a,aws,us-west-2,43-test-hourly-25,8e38eba3-69e8-491f-8c91-9985b4aa398d
billing-integration.hourly.test,f6dcaa9a-322c-4d57-a7a7-16abb841fa03,f07dd11f-bd3d-4921-a119-4dbacc0d13cb,d9a4d7cc-3c10-42c1-a605-5e06cbe3176a,aws,us-west-2,42-test-hourly-43,933204a9-56a3-4682-bd36-61fdea20d9fe
billing-integration.hourly.test,393fca10-5948-4e2a-af48-007ee20ae0ee,14092c47-2cf7-46c3-b63e-57db8c40c213,31d745b7-19d4-47d7-af53-22fe0eb664d9,aws,us-west-2,12-test-hourly-8,689d999a-495f-47b9-a803-6f383ee151ae
billing-integration.hourly.test,44fcb699-2f47-4ee4-99c3-184132f9f607,4e3283fd-066b-4eb3-9ef8-f918bbb650a5,97443f6b-b7b7-4f02-8820-a604ed8b4da3,aws,us-west-2,31-test-hourly-61,1d501702-5443-4dba-a546-1671f37c91ff
billing-integration.hourly.test,2f17c2fd-bd75-442a-a914-ed07ae7e6c70,4e3283fd-066b-4eb3-9ef8-f918bbb650a5,97443f6b-b7b7-4f02-8820-a604ed8b4da3,aws,us-west-2,30-test-hourly-28,4e8a5769-025a-41a4-b6c1-f1a64966d0ae
billing-integration.hourly.test,7e623b65-46c9-4148-b25f-1c3a552dd3ab,4e3283fd-066b-4eb3-9ef8-f918bbb650a5,97443f6b-b7b7-4f02-8820-a604ed8b4da3,aws,us-west-2,29-test-hourly-14,b9ee5ac6-81fb-4334-b514-c4edcd12b388
billing-integration.hourly.test,7510e5d7-faef-4876-9b3a-d293437ef0b7,4e3283fd-066b-4eb3-9ef8-f918bbb650a5,97443f6b-b7b7-4f02-8820-a604ed8b4da3,aws,us-west-2,28-test-hourly-66,2c28b9f4-7c38-4d7e-9494-50bed222611f
billing-integration.hourly.test,8dc4721c-9639-4492-9f37-a64f2205fc58,11925f53-8ea8-4ce6-aa70-18318328343f,6bc55419-5174-42b0-a0f7-f15a8a00dfbe,aws,us-west-2,32-test-hourly-40,022e63bd-9ddf-467d-aecc-4b62491061d1
billing-integration.hourly.test,24888554-c828-40b5-a3b3-6f5b7f833388,11925f53-8ea8-4ce6-aa70-18318328343f,6bc55419-5174-42b0-a0f7-f15a8a00dfbe,aws,us-west-2,31-test-hourly-45,c4563519-bb21-4570-a1ad-cb7690cd77dc
billing-integration.hourly.test,1b2874bf-78c6-4f90-b546-4554bbc5f7c3,11925f53-8ea8-4ce6-aa70-18318328343f,6bc55419-5174-42b0-a0f7-f15a8a00dfbe,aws,us-west-2,30-test-hourly-64,1b393523-e57a-4100-88a1-53601169724f
billing-integration.hourly.test,ebc850b2-4da9-472a-8200-d1c3e83c0b85,11925f53-8ea8-4ce6-aa70-18318328343f,6bc55419-5174-42b0-a0f7-f15a8a00dfbe,aws,us-west-2,29-test-hourly-77,3218f69c-e41e-44a3-a14d-85767e0b83b5
billing-integration.hourly.test,7e5072bf-aa26-4889-8d61-883ed5ea4586,563be52f-3065-4480-9f0d-85f5ea330fb1,f6e4fe6a-5d75-4c6f-87f4-0a29d8fda601,aws,us-west-2,39-test-hourly-65,a3dd78ca-1ebb-4bb8-9782-ba1312b6a87f
billing-integration.hourly.test,0662d7a9-8fa4-414b-a7b8-ac1a1829bb07,563be52f-3065-4480-9f0d-85f5ea330fb1,f6e4fe6a-5d75-4c6f-87f4-0a29d8fda601,aws,us-west-2,38-test-hourly-33,82a534c7-8a3c-4a64-87d8-70f89a291ac9
billing-integration.hourly.test,3621f019-8002-4b0b-9203-548c2cdf8635,563be52f-3065-4480-9f0d-85f5ea330fb1,f6e4fe6a-5d75-4c6f-87f4-0a29d8fda601,aws,us-west-2,37-test-hourly-47,37077548-ee59-4bbb-bdfd-dee0f40b2f95
billing-integration.hourly.test,aacd77c0-cb1e-489c-b6c5-1dc5f1784058,563be52f-3065-4480-9f0d-85f5ea330fb1,f6e4fe6a-5d75-4c6f-87f4-0a29d8fda601,aws,us-west-2,36-test-hourly-9,04043f68-2d4e-4b24-a93e-75e001962f04
billing-integration.hourly.test,912372a8-239f-40bc-a789-b3439134291e,c99b227f-d7c8-4af4-b782-7f97467b6971,7eaf650f-f567-45a9-a916-cf6cbd6e4cf9,aws,us-west-2,test-hourly-resource-33,b7fd4f3d-e569-4936-876a-873398f3e061
billing-integration.hourly.test,8d91c88f-6021-439c-81f5-ef0fe0a4e070,c99b227f-d7c8-4af4-b782-7f97467b6971,7eaf650f-f567-45a9-a916-cf6cbd6e4cf9,aws,us-west-2,test-hourly-resource-27,f6156d5b-0200-486d-9ccb-46d240c997d6
billing-integration.hourly.test,15bff6ec-3ba9-4886-8e1a-d6c0a187399d,c99b227f-d7c8-4af4-b782-7f97467b6971,7eaf650f-f567-45a9-a916-cf6cbd6e4cf9,aws,us-west-2,test-hourly-resource-11,a4fd46fe-9ed1-4022-ad3e-5ec17936fbc1
billing-integration.hourly.test,85e09069-4f2e-4cae-8b00-3099be2eabb4,c8ef754c-11f6-4da4-be6c-4ccfc1a1eb41,8d01315e-d98e-4b02-8df8-cfc36d7c7b4d,aws,us-west-2,test-hourly-resource-10,098be0b3-7a3c-4a55-89c9-423daad025dd
billing-integration.hourly.test,45ea6412-9db2-4ed9-b248-0252f39bf370,c8ef754c-11f6-4da4-be6c-4ccfc1a1eb41,8d01315e-d98e-4b02-8df8-cfc36d7c7b4d,aws,us-west-2,test-hourly-resource-17,8fd9363a-559b-416d-b219-172d7c564683
billing-integration.hourly.test,de8d2941-93f9-433c-a4ce-ba78e4757fcb,c8ef754c-11f6-4da4-be6c-4ccfc1a1eb41,8d01315e-d98e-4b02-8df8-cfc36d7c7b4d,aws,us-west-2,test-hourly-resource-70,400c6cd0-7692-4054-ba0e-4b34f6811604
billing-integration.hourly.test,18010c49-9f61-49eb-99f4-949518451aad,7d98aae5-5c43-4f8c-af96-ba0e56a06340,fac24ce1-065a-422a-833b-5e9b9cf09aec,aws,us-west-2,39-test-hourly-83,d8b1d76b-3ee4-4d20-84cc-409f7f0c34d3
billing-integration.hourly.test,12ed84d4-d4df-4283-b9bb-30155167cc96,7d98aae5-5c43-4f8c-af96-ba0e56a06340,fac24ce1-065a-422a-833b-5e9b9cf09aec,aws,us-west-2,38-test-hourly-46,3f1cea6d-9a3f-4b15-bea4-cd579dd83a37
billing-integration.hourly.test,a4106a8a-21fc-4b79-93c2-47e108a683b6,7d98aae5-5c43-4f8c-af96-ba0e56a06340,fac24ce1-065a-422a-833b-5e9b9cf09aec,aws,us-west-2,37-test-hourly-74,b573b4a7-e1ca-4db3-aaf9-69ffb7d4d7bf
billing-integration.hourly.test,f8ae44f9-4151-490b-8181-323c08464b17,7d98aae5-5c43-4f8c-af96-ba0e56a06340,fac24ce1-065a-422a-833b-5e9b9cf09aec,aws,us-west-2,36-test-hourly-80,850331f2-208f-4740-95c7-334443afeb20
billing-integration.hourly.test,479d7f76-4f3e-48f4-847e-150bfa0f88fc,0cbc2d9a-fe9f-4876-851f-51fac5a7b5dd,7ce0ea86-4b5e-4e32-98d0-12ba1da1a6f6,aws,us-west-2,87-test-hourly-91,df0ab9ad-da02-438b-80cb-4b21a52b5d79
billing-integration.hourly.test,444bdfe7-c11a-4274-a018-c2d98a714576,0cbc2d9a-fe9f-4876-851f-51fac5a7b5dd,7ce0ea86-4b5e-4e32-98d0-12ba1da1a6f6,aws,us-west-2,86-test-hourly-9,31e5eca7-7e8e-45ad-bba2-8d71f5119f41
billing-integration.hourly.test,2f122f81-2dc0-4b18-b581-98782ecf4250,0cbc2d9a-fe9f-4876-851f-51fac5a7b5dd,7ce0ea86-4b5e-4e32-98d0-12ba1da1a6f6,aws,us-west-2,85-test-hourly-25,26cf6433-c224-4c95-8cad-d421f2b8a5e8
billing-integration.hourly.test,03ab5a5c-9426-4099-a180-b8c23ca975df,0cbc2d9a-fe9f-4876-851f-51fac5a7b5dd,7ce0ea86-4b5e-4e32-98d0-12ba1da1a6f6,aws,us-west-2,84-test-hourly-36,09eb4f8d-ed31-42ca-9721-bd606e8e578a
billing-integration.hourly.test,33648b2f-0a37-4d99-9de0-60befcc2d23c,c6a0a0c7-5f9e-4f0f-bea9-753c27ec0d57,07d9351e-f85d-43eb-b60a-d15c1ec60320,aws,us-west-2,test-hourly-resource-88,89b4b6b3-09ea-4f9a-8824-aa68462ad90a
billing-integration.hourly.test,a4bdddcf-869e-479a-ada6-470a79bd3bc0,c6a0a0c7-5f9e-4f0f-bea9-753c27ec0d57,07d9351e-f85d-43eb-b60a-d15c1ec60320,aws,us-west-2,test-hourly-resource-16,d5dd0def-c7a3-4122-9603-13cfa206229f
billing-integration.hourly.test,b6bf0779-c641-4706-a945-12b2e60e9d56,c6a0a0c7-5f9e-4f0f-bea9-753c27ec0d57,07d9351e-f85d-43eb-b60a-d15c1ec60320,aws,us-west-2,test-hourly-resource-26,397a3517-52f7-4d7a-9228-56ef1e1da98c
billing-integration.hourly.test,629431a7-68ae-4197-836d-872788fff07c,764d933f-523a-4af1-b70a-ac1cb0abcc94,cd01789e-de8c-4fd3-9fa6-63929d44fa05,aws,us-west-2,79-test-hourly-33,b6a420d6-1dfe-4fe4-b323-17f10b78adf6
billing-integration.hourly.test,4cc4c8ea-4cef-47d9-a7bf-6c431dd0b01e,764d933f-523a-4af1-b70a-ac1cb0abcc94,cd01789e-de8c-4fd3-9fa6-63929d44fa05,aws,us-west-2,78-test-hourly-57,94b55af9-38ae-4378-aded-cee9f8bef390
billing-integration.hourly.test,275ff8ee-6e98-4a84-8efc-6dce607521be,764d933f-523a-4af1-b70a-ac1cb0abcc94,cd01789e-de8c-4fd3-9fa6-63929d44fa05,aws,us-west-2,77-test-hourly-9,e038c418-6bd8-4710-8a82-fac07508d4f6
billing-integration.hourly.test,b3c1b73c-d9c1-4a1a-904f-d1ce2a8f4e00,764d933f-523a-4af1-b70a-ac1cb0abcc94,cd01789e-de8c-4fd3-9fa6-63929d44fa05,aws,us-west-2,76-test-hourly-72,196f2f6d-ae41-4f0e-a256-8336d8bf6b6f
billing-integration.hourly.test,59e0e06c-7515-4a4a-aac1-177b2c75d02f,1b785d8c-a4e2-4be7-b6f4-f06d9eddbf4b,28cc60c9-ffee-4bf9-aebf-7839ee7d6bbb,aws,us-west-2,91-test-hourly-13,6253490e-a9b1-4ccf-bbd1-32b1e29e0ec6
billing-integration.hourly.test,8269ce09-e17a-4b8c-9cfb-ef43bcf69399,1b785d8c-a4e2-4be7-b6f4-f06d9eddbf4b,28cc60c9-ffee-4bf9-aebf-7839ee7d6bbb,aws,us-west-2,90-test-hourly-33,4845cb92-17d2-4c1d-8c0b-67552600b5c0
billing-integration.hourly.test,77fc5067-8af3-42c8-84b1-9d3b71ba70be,1b785d8c-a4e2-4be7-b6f4-f06d9eddbf4b,28cc60c9-ffee-4bf9-aebf-7839ee7d6bbb,aws,us-west-2,89-test-hourly-12,278ea915-cb0e-4255-94f0-3fffbeaa6ad5
billing-integration.hourly.test,1cc81138-a63b-4afd-88e5-efc7dd7414f6,1b785d8c-a4e2-4be7-b6f4-f06d9eddbf4b,28cc60c9-ffee-4bf9-aebf-7839ee7d6bbb,aws,us-west-2,88-test-hourly-33,32243c99-83fe-4eeb-b13e-8b5ea8dd7736
billing-integration.hourly.test,caa93197-f4e5-4558-bcd1-f9c59278104d,f98b4ba4-805f-44bd-9015-e6195fc9af9b,3feba4c6-3e63-4805-87a2-b01ed00b2eee,aws,us-west-2,39-test-hourly-25,7803f808-209c-4896-924c-5072732cd431
billing-integration.hourly.test,57c94293-4c66-4896-8f99-033b033ef82c,f98b4ba4-805f-44bd-9015-e6195fc9af9b,3feba4c6-3e63-4805-87a2-b01ed00b2eee,aws,us-west-2,38-test-hourly-45,58ee63f3-c1f2-4314-9ea8-9321ba45717b
billing-integration.hourly.test,e8d65b1f-4fb7-4cba-b71d-d194140ad677,f98b4ba4-805f-44bd-9015-e6195fc9af9b,3feba4c6-3e63-4805-87a2-b01ed00b2eee,aws,us-west-2,37-test-hourly-61,191964f8-170a-4171-9ee4-a39ecba32ee3
billing-integration.hourly.test,86aa8e5b-4eda-4a50-9b9c-ae070a68bc10,f98b4ba4-805f-44bd-9015-e6195fc9af9b,3feba4c6-3e63-4805-87a2-b01ed00b2eee,aws,us-west-2,36-test-hourly-2,4ce699b1-4a98-41a3-9c78-c66a5320bbd4
billing-integration.hourly.test,fc0c4eb5-511b-4f36-ab42-211e9d9e75a6,2725d889-1b8b-4cfd-afb8-bd6eb45194e2,1d5787d3-9605-4f85-95f3-89e4a9513be1,aws,us-west-2,40-test-hourly-8,57599840-103c-4088-af89-ced10536d52b
billing-integration.hourly.test,7b58d2f7-416d-4a01-a2b1-c7b525bcd9d4,2725d889-1b8b-4cfd-afb8-bd6eb45194e2,1d5787d3-9605-4f85-95f3-89e4a9513be1,aws,us-west-2,39-test-hourly-31,416eb06a-95b8-46d8-b75f-2ef768bdf108
billing-integration.hourly.test,9c8fcb5f-e15c-401e-832c-dd24da347b2f,2725d889-1b8b-4cfd-afb8-bd6eb45194e2,1d5787d3-9605-4f85-95f3-89e4a9513be1,aws,us-west-2,41-test-hourly-6,581b22cc-3620-4cbe-8cea-08fb149dc4ac
billing-integration.hourly.test,e2aab359-e7f3-4534-8c55-75aaa2282f16,2725d889-1b8b-4cfd-afb8-bd6eb45194e2,1d5787d3-9605-4f85-95f3-89e4a9513be1,aws,us-west-2,42-test-hourly-18,58906555-ea8a-49f4-aceb-97d4d4a6fb57
billing-integration.hourly.test,8e6faed2-bc9d-4590-9aff-8de7d6b18de2,fc8f271d-bbe7-416a-a46e-a9b5ff2733ac,23da424a-2273-4bec-8619-f5108134d9d7,aws,us-west-2,91-test-hourly-19,c845761c-b546-496c-be57-583312d6ae28
billing-integration.hourly.test,111a4772-bd48-4c96-ad13-6bb4008ffc96,fc8f271d-bbe7-416a-a46e-a9b5ff2733ac,23da424a-2273-4bec-8619-f5108134d9d7,aws,us-west-2,90-test-hourly-83,5bea195e-c7d2-4d4f-8000-818142b21d01
billing-integration.hourly.test,08162a3e-7660-4f2b-8cec-1d8ed61c556c,fc8f271d-bbe7-416a-a46e-a9b5ff2733ac,23da424a-2273-4bec-8619-f5108134d9d7,aws,us-west-2,89-test-hourly-65,550489c4-2c2f-4c57-90fb-ba564e96feb3
billing-integration.hourly.test,35417015-1261-4280-862b-de0035b7c88d,fc8f271d-bbe7-416a-a46e-a9b5ff2733ac,23da424a-2273-4bec-8619-f5108134d9d7,aws,us-west-2,88-test-hourly-50,7b99455a-dc3d-4a32-8c55-7b4ea0ff0c79
billing-integration.monthly-metric-only.test,136bd4f2-2de9-40b5-ad95-65a459684fcc,05d55bf1-e715-4e98-9587-2369af677465,b879e3ce-591a-486b-9425-c5894c3b8186,aws,us-west-2,6-test-monthly-metric-only-67,d7829c5a-2bc0-49dc-a9f9-1479d450ca98
billing-integration.hourly.test,923893e2-7462-4cff-bc22-58019ea7cb4c,8f1e2e1e-512b-4671-af76-2ee8d4dc563e,986c2269-02f6-4df4-80c9-b5a8d68877cc,aws,us-west-2,63-test-hourly-98,7bbda62e-acf0-4b75-a987-df1f3a35f355
billing-integration.hourly.test,51fb5f77-94c5-49b3-be09-174fc2c0df33,838b1675-4ab3-45a3-9295-12b345c1ff17,9c529928-6118-46d5-928d-10349872adf3,aws,us-west-2,48-test-hourly-50,9c783979-cc2b-413f-8647-4ed9f787d68d
billing-integration.hourly.test,4f98f44a-70f0-418c-b396-1cf12de8f03f,838b1675-4ab3-45a3-9295-12b345c1ff17,9c529928-6118-46d5-928d-10349872adf3,aws,us-west-2,47-test-hourly-0,a004e071-b353-40e3-9fdb-855c14dc1f2d
billing-integration.hourly.test,59749760-703f-48c1-8dc4-fd31c9654b0e,838b1675-4ab3-45a3-9295-12b345c1ff17,9c529928-6118-46d5-928d-10349872adf3,aws,us-west-2,46-test-hourly-23,7b6b500c-1fa1-48ef-92c9-84805f4a4fd9
billing-integration.hourly.test,1f21cb5f-b8ed-438f-85bc-f88090d076db,838b1675-4ab3-45a3-9295-12b345c1ff17,9c529928-6118-46d5-928d-10349872adf3,aws,us-west-2,45-test-hourly-16,7aee5a32-1d09-432b-ab09-90a76da6c93d
billing-integration.hourly.test,82f413b8-a8b5-4be0-9a61-f24f1d8f2206,13e56b0c-6e6f-427d-ae3a-4d43899811d6,484fb0e8-e217-4d7a-9ece-a2831c586e82,aws,us-west-2,63-test-hourly-56,caafbde2-b3b1-440f-9d4f-d5c97c831d9e
billing-integration.hourly.test,011c2383-7268-4d31-a049-51aeeafcb940,13e56b0c-6e6f-427d-ae3a-4d43899811d6,484fb0e8-e217-4d7a-9ece-a2831c586e82,aws,us-west-2,62-test-hourly-68,cf1c7a1b-fa45-40d6-9738-08e445806c4e
billing-integration.hourly.test,d48af501-4243-4f56-8f39-e8da4eddcd76,13e56b0c-6e6f-427d-ae3a-4d43899811d6,484fb0e8-e217-4d7a-9ece-a2831c586e82,aws,us-west-2,61-test-hourly-48,f175ca67-2189-4dd8-928e-6e5fec22b8ef
billing-integration.hourly.test,0b5f9108-aaf7-418c-98e6-30030fe0b07c,13e56b0c-6e6f-427d-ae3a-4d43899811d6,484fb0e8-e217-4d7a-9ece-a2831c586e82,aws,us-west-2,60-test-hourly-92,2fac801e-33f3-4465-a0de-b2c35245e2ef
billing-integration.monthly-cumulative.test,ba7312d6-02c4-45c6-9978-7b0f086f1fa4,b51dabc3-715d-4bb4-bca4-531a4673cd45,dfed5f4e-fde5-4681-8122-de342077f4b0,aws,us-west-2,27-test-monthly-cmv-12,29c5469b-18de-455e-87a5-249649611159
billing-integration.hourly.test,4ac9c2ae-f296-4374-a625-90ce262c23b2,9e72ab1d-1e3f-45ee-a5aa-2bd15589eb23,966430d6-cace-49f7-aea0-681d052ff67b,aws,us-west-2,67-test-hourly-14,c723a62f-f1f0-4053-99bb-9912ff91616f
billing-integration.hourly.test,0aec0268-485e-4a97-88c1-b171f435576c,55182799-1a48-42ad-a9f5-67bac53a6969,2c97bb34-5b82-4b34-ad57-f4e53513c4a6,aws,us-west-2,52-test-hourly-34,e1337d27-8457-4c89-af6e-e4fde633e4cd
billing-integration.hourly.test,61675b27-d50c-4f67-9186-6b2328da26b1,55182799-1a48-42ad-a9f5-67bac53a6969,2c97bb34-5b82-4b34-ad57-f4e53513c4a6,aws,us-west-2,51-test-hourly-48,6c19f7d9-1fbd-43f7-879a-ee75c1e5e3c7
billing-integration.hourly.test,c4184bfe-9cff-46a7-99dd-97db2c3b8516,55182799-1a48-42ad-a9f5-67bac53a6969,2c97bb34-5b82-4b34-ad57-f4e53513c4a6,aws,us-west-2,50-test-hourly-6,ecbc54a9-0c9a-4eed-8c3e-59367f21afcd
billing-integration.hourly.test,399832e0-5803-4121-abce-34de3fd5f79f,55182799-1a48-42ad-a9f5-67bac53a6969,2c97bb34-5b82-4b34-ad57-f4e53513c4a6,aws,us-west-2,49-test-hourly-27,a411ec9d-473d-43d4-a049-005bb6a66996
billing-integration.hourly.test,bb5b8c49-1a54-499b-8021-a510e4316615,896bf1a7-5170-4a11-a680-b3d03d550f70,fd139b78-7838-438c-a604-0e5c6a5cf52e,aws,us-west-2,17-test-hourly-2,dfa3cffb-9902-440a-a48f-cd705236f07f
billing-integration.hourly.test,d87c73c2-2151-452e-bc89-dce4ecef776c,896bf1a7-5170-4a11-a680-b3d03d550f70,fd139b78-7838-438c-a604-0e5c6a5cf52e,aws,us-west-2,16-test-hourly-88,c1f8821c-f141-4793-8b41-5bbafbd9df16
billing-integration.hourly.test,a7122cc2-fb82-4ebc-9bcf-b51fed2f42af,896bf1a7-5170-4a11-a680-b3d03d550f70,fd139b78-7838-438c-a604-0e5c6a5cf52e,aws,us-west-2,15-test-hourly-54,9e306f12-8e05-43dd-b6e3-d3a9cb4ba532
billing-integration.hourly.test,670c9841-ed73-43bf-8eb1-a703ef233aef,896bf1a7-5170-4a11-a680-b3d03d550f70,fd139b78-7838-438c-a604-0e5c6a5cf52e,aws,us-west-2,14-test-hourly-75,91acda32-3202-4d47-95be-80ed36e597de
billing-integration.hourly.test,bef10905-a9a0-4b6b-bfcd-d81ed78bfb09,a02f2121-c9a8-457d-9680-43839126c6e2,bb970604-51fd-4f60-b85c-7d28a5601ab7,aws,us-west-2,47-test-hourly-76,19f038d4-d7a7-46cc-b77b-c57de8662731
billing-integration.hourly.test,ad4b9361-f89a-459b-964a-5b0858f2b2cf,a02f2121-c9a8-457d-9680-43839126c6e2,bb970604-51fd-4f60-b85c-7d28a5601ab7,aws,us-west-2,46-test-hourly-29,c7840ae6-ce03-4ec7-838e-cff713ee297c
billing-integration.hourly.test,9a4c5c65-a01c-410c-a75b-33295fb8c70f,a02f2121-c9a8-457d-9680-43839126c6e2,bb970604-51fd-4f60-b85c-7d28a5601ab7,aws,us-west-2,45-test-hourly-16,0e17703c-3c16-43f7-bb10-4cac811b64a8
billing-integration.hourly.test,a58226af-66e8-44da-98f9-a77bd9c5a9b6,a02f2121-c9a8-457d-9680-43839126c6e2,bb970604-51fd-4f60-b85c-7d28a5601ab7,aws,us-west-2,44-test-hourly-3,dc5741a8-af5f-4af6-bf1c-be8f70347aca
billing-integration.hourly.test,2c4f1f72-1e3d-4d55-b296-98ae6c7a9363,171f470d-33df-46d7-836c-84dd7e11ea24,2535d3d5-19a1-4b49-bece-e5c2b265494b,aws,us-west-2,29-test-hourly-19,a702f104-bbe0-4585-bebd-39260411a3f1
billing-integration.hourly.test,e9abee2e-4266-40bf-8ef1-25fe632564f7,171f470d-33df-46d7-836c-84dd7e11ea24,2535d3d5-19a1-4b49-bece-e5c2b265494b,aws,us-west-2,26-test-hourly-37,e58bfe9a-0136-4345-a7a1-b44bac9b6f6e
billing-integration.hourly.test,45a0d44a-9ebd-4fe5-8a2a-dd850ec2ae1e,171f470d-33df-46d7-836c-84dd7e11ea24,2535d3d5-19a1-4b49-bece-e5c2b265494b,aws,us-west-2,25-test-hourly-4,5783c7bf-5735-4f38-b794-c32b459341f7
billing-integration.hourly.test,9180e814-e81b-4cfa-beaa-802d90cc1ebe,171f470d-33df-46d7-836c-84dd7e11ea24,2535d3d5-19a1-4b49-bece-e5c2b265494b,aws,us-west-2,23-test-hourly-6,22a4be29-69c3-4ec9-aa33-57f2b51c1e5c
billing-integration.hourly.test,2f1d198e-cebf-4973-bf6b-204f41b1197e,0ca72daf-c709-442c-8cd1-a6779c1d125e,61f01546-5d7d-4615-a070-d104b77500eb,aws,us-west-2,45-test-hourly-9,006bb13c-646a-41cf-aa2e-86facb4d0b99
billing-integration.hourly.test,5297f7f2-09a9-4ac8-adbb-cfe513a8819e,0ca72daf-c709-442c-8cd1-a6779c1d125e,61f01546-5d7d-4615-a070-d104b77500eb,aws,us-west-2,44-test-hourly-88,3c1e8a4c-3db0-4802-a5cf-101b78f19c68
billing-integration.hourly.test,9cb3b1fd-4a21-4191-994d-499db1aaac50,0ca72daf-c709-442c-8cd1-a6779c1d125e,61f01546-5d7d-4615-a070-d104b77500eb,aws,us-west-2,43-test-hourly-70,8b48d7be-a805-4f87-88c1-de91b047845a
billing-integration.hourly.test,45eb5c2b-0e26-4086-8f41-9aa3e125bc0a,0ca72daf-c709-442c-8cd1-a6779c1d125e,61f01546-5d7d-4615-a070-d104b77500eb,aws,us-west-2,42-test-hourly-86,960f92c0-d5e6-4475-af5f-2eabc862710f
billing-integration.hourly.test,4c670ba3-c811-4bfc-b61a-3e63a468db3c,81ee2dec-85c2-4831-9ab5-ae4df9cff74f,30c18371-26cf-44a4-bec3-68efb137b420,aws,us-west-2,75-test-hourly-33,55ff6e47-0e39-40c9-a4a2-876ea34f52f2
billing-integration.hourly.test,46d1eaab-0886-49c1-b487-401ff068d27f,81ee2dec-85c2-4831-9ab5-ae4df9cff74f,30c18371-26cf-44a4-bec3-68efb137b420,aws,us-west-2,74-test-hourly-16,76b964aa-4bd4-4b62-981b-40b345e8c9c8
billing-integration.hourly.test,6022ee8e-0c66-4581-a23d-1fb0eca2c6fe,81ee2dec-85c2-4831-9ab5-ae4df9cff74f,30c18371-26cf-44a4-bec3-68efb137b420,aws,us-west-2,73-test-hourly-24,c9d6d856-f381-434a-880f-bfac26d40cb5
billing-integration.hourly.test,2b4c45d7-87d9-44b6-9a95-ba4b42d417fb,81ee2dec-85c2-4831-9ab5-ae4df9cff74f,30c18371-26cf-44a4-bec3-68efb137b420,aws,us-west-2,72-test-hourly-66,ac772db8-b22b-4522-8912-28f3d5c1df2b
billing-integration.hourly.test,966ad6a9-2697-466c-a165-29e44328920b,049c434e-7407-42e5-aad4-8c935dcf139d,952efb56-e15e-4eae-9ef5-194c06697d34,aws,us-west-2,test-hourly-resource-61,3df51bfb-3528-4cf7-9356-e946e0b94bf5
billing-integration.hourly.test,4dc9de29-3505-4817-afbf-e7c745a7bb80,049c434e-7407-42e5-aad4-8c935dcf139d,952efb56-e15e-4eae-9ef5-194c06697d34,aws,us-west-2,test-hourly-resource-17,a3bf4a93-0c5d-4e02-a327-f392d517819a
billing-integration.hourly.test,2b79cc33-0008-44b6-8adf-f7b50a479f7f,1086b5cd-e92f-4d49-bdbe-5dbbad875614,87c2c25e-9d3f-4bd9-979a-55e8d9a49f57,aws,us-west-2,58-test-hourly-92,1c80ccbd-32bb-4908-bbd0-47b4eedd47e0
billing-integration.hourly.test,0bc47f14-21d6-4658-8f65-d22078b8337b,1086b5cd-e92f-4d49-bdbe-5dbbad875614,87c2c25e-9d3f-4bd9-979a-55e8d9a49f57,aws,us-west-2,57-test-hourly-25,33ae43b0-425c-4aa6-a57e-ea2e94793f6c
billing-integration.hourly.test,8337e42e-f7f9-4fac-af3a-db6b7f552a4f,1086b5cd-e92f-4d49-bdbe-5dbbad875614,87c2c25e-9d3f-4bd9-979a-55e8d9a49f57,aws,us-west-2,56-test-hourly-88,58248beb-cc69-4a14-a477-83056fe28d5d
billing-integration.hourly.test,2b21c9c1-de5d-4903-96dd-d3b7adbef37c,1086b5cd-e92f-4d49-bdbe-5dbbad875614,87c2c25e-9d3f-4bd9-979a-55e8d9a49f57,aws,us-west-2,55-test-hourly-42,e295d71f-1e03-485a-b0e5-7ea301030c21
billing-integration.hourly.test,f3799718-6900-4f59-80b6-9b170fc78a0d,5e84d606-4a1a-484a-b74a-7b6fd2de2e1b,cb2fd2df-7db3-4eb7-9e1b-e5e727cea5a9,aws,us-west-2,71-test-hourly-1,bb4fbe89-c9d6-4462-9cdd-adb7642cf213
billing-integration.hourly.test,18df7c69-fa26-4ee9-8349-1fbad4e3a328,5e84d606-4a1a-484a-b74a-7b6fd2de2e1b,cb2fd2df-7db3-4eb7-9e1b-e5e727cea5a9,aws,us-west-2,70-test-hourly-93,ab9e6a13-def6-42ff-b222-dc1fe3ed5494
billing-integration.hourly.test,7112b265-9ba1-47aa-9d10-b562051c5e6c,5e84d606-4a1a-484a-b74a-7b6fd2de2e1b,cb2fd2df-7db3-4eb7-9e1b-e5e727cea5a9,aws,us-west-2,69-test-hourly-60,7b7b3cce-f5db-46e2-93c2-f965ec19fa7a
billing-integration.hourly.test,c70eb028-d85e-4f01-bbbf-f9b1e103adbc,5e84d606-4a1a-484a-b74a-7b6fd2de2e1b,cb2fd2df-7db3-4eb7-9e1b-e5e727cea5a9,aws,us-west-2,68-test-hourly-90,8e437d8f-b3fa-4d89-a694-7fd84f3e660c
billing-integration.hourly.test,9334d3a7-9b3d-43a2-b2a1-e380e54b89e5,5317adc9-2c78-4262-be0d-d69514d26225,2d1549bd-c301-441c-8fdd-52cf352ec8be,aws,us-west-2,33-test-hourly-76,59d5e50f-408b-4b3d-b9df-98007f81223b
billing-integration.hourly.test,d547e6c6-4ee8-4f3c-8c1e-8216c7885f7c,5317adc9-2c78-4262-be0d-d69514d26225,2d1549bd-c301-441c-8fdd-52cf352ec8be,aws,us-west-2,32-test-hourly-4,b7298151-da44-4377-9d95-2945b4a5053c
billing-integration.hourly.test,61290a14-3fcb-4809-a596-de6d68f15949,5317adc9-2c78-4262-be0d-d69514d26225,2d1549bd-c301-441c-8fdd-52cf352ec8be,aws,us-west-2,34-test-hourly-40,1a7064d4-da09-4132-900c-a6eaf2781d78
billing-integration.hourly.test,fc12852e-78a4-4cb3-971e-0034045afe98,5317adc9-2c78-4262-be0d-d69514d26225,2d1549bd-c301-441c-8fdd-52cf352ec8be,aws,us-west-2,31-test-hourly-74,a5754190-ed3d-4083-b2b6-108c5ba248eb
billing-integration.hourly.test,64d310b9-d47e-420c-803f-a1189361a498,0b3d0ed1-b26c-4817-9e42-be7365f123aa,04f290e6-f077-476a-945a-d02faae6bdf0,aws,us-west-2,79-test-hourly-26,08c07ac5-3446-4302-b615-934e10313ef4
billing-integration.hourly.test,4394c7bd-1811-4387-99a2-b7b98aa2e18e,0b3d0ed1-b26c-4817-9e42-be7365f123aa,04f290e6-f077-476a-945a-d02faae6bdf0,aws,us-west-2,78-test-hourly-42,da6ff975-b0a5-4fd6-93fa-b6faf863cebc
billing-integration.hourly.test,9c20ec45-1b7f-4576-a1b1-8c7d9c377d65,0b3d0ed1-b26c-4817-9e42-be7365f123aa,04f290e6-f077-476a-945a-d02faae6bdf0,aws,us-west-2,77-test-hourly-69,20cf6b5f-3847-4724-a3ae-02d0443d750e
billing-integration.hourly.test,fce7b2f1-7a56-4b28-a89e-30ac389a72ca,0b3d0ed1-b26c-4817-9e42-be7365f123aa,04f290e6-f077-476a-945a-d02faae6bdf0,aws,us-west-2,76-test-hourly-14,8c4c3ce5-0567-4dde-a0ac-223d2d7c9d9d
billing-integration.hourly.test,c104e1aa-0628-4948-8949-fb22a485dc8b,d6479e87-bf91-4dd3-a0f8-a94509656e60,e73a66fb-7aa7-479b-99f4-3138be1ba4ce,aws,us-west-2,25-test-hourly-10,55bedbfc-ea70-476b-8029-3821d212b874
billing-integration.hourly.test,e9016528-3463-4332-8da6-c9e698e6ef83,d6479e87-bf91-4dd3-a0f8-a94509656e60,e73a66fb-7aa7-479b-99f4-3138be1ba4ce,aws,us-west-2,24-test-hourly-71,4fe67de6-6731-42b6-bdbd-47b1057430b7
billing-integration.hourly.test,0832f385-0028-4040-ae7a-db0f48a1a67e,d6479e87-bf91-4dd3-a0f8-a94509656e60,e73a66fb-7aa7-479b-99f4-3138be1ba4ce,aws,us-west-2,26-test-hourly-66,7cd5d583-836c-4252-b481-e824ca41a580
billing-integration.hourly.test,68ac8ffb-6f7b-4b6c-9da5-2319a0bfb729,d6479e87-bf91-4dd3-a0f8-a94509656e60,e73a66fb-7aa7-479b-99f4-3138be1ba4ce,aws,us-west-2,23-test-hourly-1,cadace88-e29d-43fd-9968-96bccd7680b8
billing-integration.hourly.test,395d16cd-09df-4c81-868a-817a9b583c62,6dc34c6a-f7fd-42ce-8d5d-b25e9d791367,8c3cd95b-e8a6-47f0-b76d-1f12bdd4747d,aws,us-west-2,32-test-hourly-35,c6eddf27-4c96-4fcb-94e0-ee807eac3c93
billing-integration.hourly.test,7b7dea7a-f1c4-4068-af9e-24a4692eba51,6dc34c6a-f7fd-42ce-8d5d-b25e9d791367,8c3cd95b-e8a6-47f0-b76d-1f12bdd4747d,aws,us-west-2,31-test-hourly-17,12fa9ecb-2ce3-4eb6-b030-e3125bd65683
billing-integration.hourly.test,98f5a4ce-6a82-4aba-bd2d-7733dee350a6,6dc34c6a-f7fd-42ce-8d5d-b25e9d791367,8c3cd95b-e8a6-47f0-b76d-1f12bdd4747d,aws,us-west-2,30-test-hourly-46,438a77ee-4949-4639-ba33-5f3c179ee045
billing-integration.hourly.test,6ea92b24-b650-431e-9fed-5cfd9d224233,6dc34c6a-f7fd-42ce-8d5d-b25e9d791367,8c3cd95b-e8a6-47f0-b76d-1f12bdd4747d,aws,us-west-2,29-test-hourly-78,25372d15-1e22-4a0c-83b1-0f79a0a59a66
billing-integration.hourly.test,75000ff4-d859-4ab3-bcf0-737258b77d4f,900d1f40-1a75-4516-b99b-63a83cc4fb1e,d9746349-8003-4802-9297-ce28d6b472ad,aws,us-west-2,test-hourly-resource-82,1608a02f-f9be-4b6d-983d-f184f76dc7c0
billing-integration.hourly.test,26b232d6-1104-400a-b300-b24bad6db21c,900d1f40-1a75-4516-b99b-63a83cc4fb1e,d9746349-8003-4802-9297-ce28d6b472ad,aws,us-west-2,test-hourly-resource-68,907430ce-cc59-485e-b1bf-53691d4ed2da
billing-integration.hourly.test,693a30fd-1340-4418-a2f8-6a6b32c2ac56,8b01c6e3-383e-4179-a371-a22a33738741,f75547a6-b2d6-4f4b-9312-3df4be216ae7,aws,us-west-2,76-test-hourly-64,9bf63569-3e74-4486-b290-8a640c2e9202
billing-integration.hourly.test,5e2691c4-395c-427a-9ba5-1375bb8a2d0b,8b01c6e3-383e-4179-a371-a22a33738741,f75547a6-b2d6-4f4b-9312-3df4be216ae7,aws,us-west-2,75-test-hourly-1,ee8a94f5-7429-4f52-bebf-b16cf9ca2a08
billing-integration.hourly.test,f1d91788-cd3e-43c6-9a2c-84cf4394728b,8b01c6e3-383e-4179-a371-a22a33738741,f75547a6-b2d6-4f4b-9312-3df4be216ae7,aws,us-west-2,73-test-hourly-68,f46b4772-490e-4d81-89bf-fbe490db099a
billing-integration.hourly.test,dc95afa2-792f-423e-b24b-986af702767c,8b01c6e3-383e-4179-a371-a22a33738741,f75547a6-b2d6-4f4b-9312-3df4be216ae7,aws,us-west-2,71-test-hourly-83,5ccae811-3515-4e44-981e-a9a68a9f4ebd
billing-integration.hourly.test,52234bb7-c36f-46e1-ae68-2160049582c3,eca17105-4178-47e8-b068-f85a75b9d8d7,535a5a9f-0554-4b9f-8f2b-d73b46184752,aws,us-west-2,28-test-hourly-40,36efaf97-dd1e-4602-965c-7d45e7e55303
billing-integration.hourly.test,1e7ea485-18c8-4046-8fba-a0cddeca1eb3,eca17105-4178-47e8-b068-f85a75b9d8d7,535a5a9f-0554-4b9f-8f2b-d73b46184752,aws,us-west-2,27-test-hourly-48,76d06f6f-1b4d-480e-845f-414a178773a7
billing-integration.hourly.test,297e561e-cec7-4cd1-8f55-944d08b54490,eca17105-4178-47e8-b068-f85a75b9d8d7,535a5a9f-0554-4b9f-8f2b-d73b46184752,aws,us-west-2,26-test-hourly-80,cf578a36-7970-4c61-b64b-835430b89435
billing-integration.hourly.test,25a6718d-c544-4024-b889-865cf2d21664,eca17105-4178-47e8-b068-f85a75b9d8d7,535a5a9f-0554-4b9f-8f2b-d73b46184752,aws,us-west-2,25-test-hourly-92,ab961608-1a24-45c8-98ed-4dd0f833bc1d
billing-integration.hourly.test,bd8c0020-c498-4885-af1c-6d5b71f9347a,c22641a0-5201-41f1-944d-b6db32c1c87d,56dc9a8c-4050-4c52-91c5-4db59bb38626,aws,us-west-2,15-test-hourly-74,12b799bf-1b0f-4d9c-a0d8-37c8c2b1555d
billing-integration.hourly.test,f03a09b4-5d83-4e2a-9c3c-e1daa41acdd5,c22641a0-5201-41f1-944d-b6db32c1c87d,56dc9a8c-4050-4c52-91c5-4db59bb38626,aws,us-west-2,12-test-hourly-12,a8b08d6a-7f13-4903-9f2c-52b8a8f71328
billing-integration.hourly.test,50693879-4b29-4a3c-a465-64c8e5ee7e84,c22641a0-5201-41f1-944d-b6db32c1c87d,56dc9a8c-4050-4c52-91c5-4db59bb38626,aws,us-west-2,9-test-hourly-59,b1235103-5ace-4766-88c9-06106bf9d578
billing-integration.hourly.test,7e2783d3-74be-4a52-86c4-e34a5b02f230,c22641a0-5201-41f1-944d-b6db32c1c87d,56dc9a8c-4050-4c52-91c5-4db59bb38626,aws,us-west-2,7-test-hourly-40,525219af-8bc2-432f-9f01-60cc1e505658
billing-integration.hourly.test,844f1d49-3b4f-45fd-b0af-2970688f6f26,2b127bfa-5300-43cd-a324-b0774f8776fb,e44deec5-c20e-4a75-b619-d08bd98d2b93,aws,us-west-2,48-test-hourly-89,883983eb-2f3e-4b69-b1f6-1369c2d4f58f
billing-integration.hourly.test,88c7b4ed-68bd-466d-b535-c4e89a106824,62a9f3c5-4f55-4bb6-9134-436f9fc8e78f,6aa804e6-21dd-4e39-b32d-0bbabac4ba5e,aws,us-west-2,31-test-hourly-97,b01af800-150c-4124-a58a-8eb608dee6de
billing-integration.hourly.test,c49b6e35-0766-40f2-a7dd-78045e4d8d2f,62a9f3c5-4f55-4bb6-9134-436f9fc8e78f,6aa804e6-21dd-4e39-b32d-0bbabac4ba5e,aws,us-west-2,28-test-hourly-5,2442efe9-2d1c-4404-af5b-12da61a37b3f
billing-integration.hourly.test,4151972e-a0a6-4537-8d44-42915046232b,62a9f3c5-4f55-4bb6-9134-436f9fc8e78f,6aa804e6-21dd-4e39-b32d-0bbabac4ba5e,aws,us-west-2,32-test-hourly-81,86149a43-a564-4be3-a5c5-cc48f81da664
billing-integration.hourly.test,e408f4c3-efc0-4ef4-9f46-8d159457c729,62a9f3c5-4f55-4bb6-9134-436f9fc8e78f,6aa804e6-21dd-4e39-b32d-0bbabac4ba5e,aws,us-west-2,29-test-hourly-9,633a6dda-7c89-45c1-a97f-6861514803f0
billing-integration.hourly.test,15566a46-88d7-476c-945b-f0a14391067d,4c894fbc-a2b0-4ffd-a3aa-dae1373bce94,64b444b3-9d8f-4a2b-a340-609207d2570e,aws,us-west-2,44-test-hourly-16,5ec70960-8b42-4d5b-aff2-724e693c3d64
billing-integration.hourly.test,e33f4c9c-14c5-40f5-9e93-e9831b6ee4e0,4c894fbc-a2b0-4ffd-a3aa-dae1373bce94,64b444b3-9d8f-4a2b-a340-609207d2570e,aws,us-west-2,43-test-hourly-84,0274fd14-5c56-4ed7-893c-05776bfc57e6
billing-integration.hourly.test,e0fe8687-4062-4e28-903a-18becfb1005e,4c894fbc-a2b0-4ffd-a3aa-dae1373bce94,64b444b3-9d8f-4a2b-a340-609207d2570e,aws,us-west-2,42-test-hourly-10,6339e7c1-0b8d-4e0a-b892-6ee10a760942
billing-integration.hourly.test,92c7cc53-1eca-4db7-9235-d03df8cea850,4c894fbc-a2b0-4ffd-a3aa-dae1373bce94,64b444b3-9d8f-4a2b-a340-609207d2570e,aws,us-west-2,41-test-hourly-1,50d78273-bccf-4d63-b1c2-912e941f8eef
billing-integration.hourly.test,9d28bba4-5e3b-4e40-8377-5006bda37f5b,a212c774-f2f1-40f1-8e68-3fc6c8c3a0c2,33fdac26-d31a-48ca-ace4-5996142d5a28,aws,us-west-2,11-test-hourly-21,93cc6310-3e0a-47de-8e3b-6dcebdf1b3a8
billing-integration.hourly.test,8a90ff1c-b0bc-4689-8488-5ef9bc115ab2,8b0c018b-745f-4f7e-be89-e2ebbb4e618e,c8d17d00-f457-47d7-93bb-5df678adf0be,aws,us-west-2,80-test-hourly-93,33cf227c-e7af-490d-9956-0e2aa77150db
billing-integration.hourly.test,9da670ee-df22-4bbe-baf3-55cc575bea03,8b0c018b-745f-4f7e-be89-e2ebbb4e618e,c8d17d00-f457-47d7-93bb-5df678adf0be,aws,us-west-2,79-test-hourly-1,6695cda2-b58b-4642-9075-194db41aa3d2
billing-integration.hourly.test,e1136c64-ac53-479c-85b4-acd48f2ca4d3,8b0c018b-745f-4f7e-be89-e2ebbb4e618e,c8d17d00-f457-47d7-93bb-5df678adf0be,aws,us-west-2,77-test-hourly-65,c434ab02-e235-4fa3-9954-8df37ec28269
billing-integration.hourly.test,f1d86d1b-ef2f-4953-bed2-91dc0d8c3bbf,8b0c018b-745f-4f7e-be89-e2ebbb4e618e,c8d17d00-f457-47d7-93bb-5df678adf0be,aws,us-west-2,76-test-hourly-65,e03435fb-ed40-4964-9c70-b52e50a402a5
billing-integration.hourly.test,33d6c6b7-08e1-4690-a0ee-e1f8706d0225,4d7588ea-88ae-4b31-ac42-16fd2b89083d,551ec260-6a95-4d71-a5c1-d3a9e610272c,aws,us-west-2,19-test-hourly-44,ddf5d463-b982-4cb2-93d7-53c0f0aa0e6f
billing-integration.hourly.test,a1fc853a-16ee-4d4a-908a-6c305ef325bf,4d7588ea-88ae-4b31-ac42-16fd2b89083d,551ec260-6a95-4d71-a5c1-d3a9e610272c,aws,us-west-2,17-test-hourly-25,e3d21048-d46c-454b-bb57-8649c4729030
billing-integration.hourly.test,51e3db9d-3227-49c1-b495-b596d623f90c,4d7588ea-88ae-4b31-ac42-16fd2b89083d,551ec260-6a95-4d71-a5c1-d3a9e610272c,aws,us-west-2,18-test-hourly-27,5dcb43f4-f3df-430a-8193-1bee88500b4f
billing-integration.hourly.test,4e198f85-6746-44d3-9115-8508062be3f5,4d7588ea-88ae-4b31-ac42-16fd2b89083d,551ec260-6a95-4d71-a5c1-d3a9e610272c,aws,us-west-2,16-test-hourly-22,729b9bd7-9989-486b-ae41-93e1174400af
billing-integration.hourly.test,36fab904-7a54-4ac3-9d28-e7847e7e91f4,3d968926-4d38-4ca0-906c-6baa60b3a5de,93ccc2f0-b33d-44db-9a45-4cdcfbf282ad,aws,us-west-2,94-test-hourly-44,1555f17b-f217-4068-ae77-198f9ccdbd8c
billing-integration.hourly.test,40a0a24a-d6f8-447f-adf3-a44b19f1dc86,3d968926-4d38-4ca0-906c-6baa60b3a5de,93ccc2f0-b33d-44db-9a45-4cdcfbf282ad,aws,us-west-2,93-test-hourly-71,766b8dac-40d9-4d91-8fcb-853e14e65a60
billing-integration.hourly.test,d8d9f9d4-cc83-4906-b9c9-943b3eb2383c,3d968926-4d38-4ca0-906c-6baa60b3a5de,93ccc2f0-b33d-44db-9a45-4cdcfbf282ad,aws,us-west-2,92-test-hourly-14,559bfcfc-78b5-41ab-9b50-53d313ea578b
billing-integration.hourly.test,289963c5-307b-420b-a54f-cbc094493fd3,3d968926-4d38-4ca0-906c-6baa60b3a5de,93ccc2f0-b33d-44db-9a45-4cdcfbf282ad,aws,us-west-2,91-test-hourly-63,969bee60-27b0-450f-bb98-75c8f1547e62
billing-integration.hourly-metric-only.test,6e94f74b-66a3-4f53-a3a5-8aabf1b2b35c,ddcb0bcb-1cd9-460a-809b-8e499f8121e1,66971be6-6937-4c22-a7c0-d337fb747399,aws,us-west-2,30-test-hourly-metric-only-48,bdc36f0e-5f91-4a6c-a1e0-3e96b1712c0c
billing-integration.monthly-cumulative.test,2bf68362-acd7-4614-8db4-fd7351221706,ddcb0bcb-1cd9-460a-809b-8e499f8121e1,66971be6-6937-4c22-a7c0-d337fb747399,aws,us-west-2,29-test-monthly-cmv-18,f725c9c1-00b9-4d04-a7f7-4dc85cf75b2e
billing-integration.monthly-cumulative.test,7255b510-1b82-495b-91f7-0ecbc6604ba0,ddcb0bcb-1cd9-460a-809b-8e499f8121e1,66971be6-6937-4c22-a7c0-d337fb747399,aws,us-west-2,28-test-monthly-cmv-34,efeba4db-2165-4e25-8133-c54d7af7854c
billing-integration.hourly.test,8a0f4c4d-18c2-49b8-8c3d-c58fa6a7d5c3,5df8b1b8-8ae9-4c9f-814b-ad56545f9c8d,4f0099df-b645-43ae-9690-c55d674dcff9,aws,us-west-2,test-hourly-resource-93,b32559b8-8281-42e2-9448-40e7b61e7cc6
billing-integration.hourly.test,9b12b125-891a-4999-8182-24fa7f0fe50d,5df8b1b8-8ae9-4c9f-814b-ad56545f9c8d,4f0099df-b645-43ae-9690-c55d674dcff9,aws,us-west-2,test-hourly-resource-52,07e787d5-c74f-48af-a8cf-4733c0cc1e22
billing-integration.hourly.test,3a4daa0e-d86c-4081-8a72-84e1fa71523a,5df8b1b8-8ae9-4c9f-814b-ad56545f9c8d,4f0099df-b645-43ae-9690-c55d674dcff9,aws,us-west-2,test-hourly-resource-17,dc20c0b2-fdcc-438f-8a6e-977dce5f28ca
billing-integration.hourly.test,6c02becf-01fe-4309-9462-d8377a367b6b,1f23d3a0-f815-44e0-919a-14874258daa6,9cc92ee6-2d00-4ea7-9386-804b7970ce1b,aws,us-west-2,8-test-hourly-43,70964ec8-32d2-49bd-a62e-c07779a14f2f
billing-integration.hourly.test,262eaf3c-b05a-45fb-b7a3-1de64594eb78,1f23d3a0-f815-44e0-919a-14874258daa6,9cc92ee6-2d00-4ea7-9386-804b7970ce1b,aws,us-west-2,6-test-hourly-29,9acd0da8-21f5-406c-805b-1261050eae21
billing-integration.hourly.test,5b115cec-bfbc-4d25-973f-284670b396ea,1f23d3a0-f815-44e0-919a-14874258daa6,9cc92ee6-2d00-4ea7-9386-804b7970ce1b,aws,us-west-2,5-test-hourly-82,5b671f58-c695-4556-a844-4e83d7cfdb80
billing-integration.hourly.test,3e46cb85-2cc0-4ab2-90e9-7232e3fb4bea,1f23d3a0-f815-44e0-919a-14874258daa6,9cc92ee6-2d00-4ea7-9386-804b7970ce1b,aws,us-west-2,7-test-hourly-96,784a8007-d3a6-49e7-be91-b4d47b5b0ee3
billing-integration.hourly.test,40b0e131-c9e1-4acd-aab4-17301c7fde1b,44d40e93-87db-4ecc-8314-583730ba2424,be3510d8-ba71-422b-9c22-9afefc679b26,aws,us-west-2,43-test-hourly-31,69497822-ad80-42bb-859d-d284cba0ef6b
billing-integration.hourly.test,19b87ca5-1efc-457a-b80f-9ce547d442bc,44d40e93-87db-4ecc-8314-583730ba2424,be3510d8-ba71-422b-9c22-9afefc679b26,aws,us-west-2,42-test-hourly-87,0bad889e-c8d5-43f9-8f76-fffd9650ae39
billing-integration.hourly.test,3debc925-b526-47b0-b8a9-de8e4cb8cb97,44d40e93-87db-4ecc-8314-583730ba2424,be3510d8-ba71-422b-9c22-9afefc679b26,aws,us-west-2,41-test-hourly-42,0b5ac290-9687-42b0-8c25-9fc76d13b66d
billing-integration.hourly.test,9af43383-0d12-4a9c-af3a-748c1eb62021,44d40e93-87db-4ecc-8314-583730ba2424,be3510d8-ba71-422b-9c22-9afefc679b26,aws,us-west-2,40-test-hourly-51,fe7702bc-6644-47a6-825c-be484b6fb91d
billing-integration.hourly.test,ee5b6d0e-3fc7-4d4a-9e72-ecce4c3fb338,7240fb84-c59c-4b49-beba-df7df9671372,1e010806-80a6-42d9-8d15-5507396dd236,aws,us-west-2,25-test-hourly-13,400c6f3c-9da8-4224-bd4d-b3b032bc3415
billing-integration.hourly.test,9e48a672-9937-4b7e-b72b-b4686a6ffa9b,7240fb84-c59c-4b49-beba-df7df9671372,1e010806-80a6-42d9-8d15-5507396dd236,aws,us-west-2,23-test-hourly-41,be8a9c8d-ab2d-482a-8769-6bfb618e29ad
billing-integration.hourly.test,603bf41c-e744-4ba4-bd02-5ef9dd293a5d,7240fb84-c59c-4b49-beba-df7df9671372,1e010806-80a6-42d9-8d15-5507396dd236,aws,us-west-2,21-test-hourly-15,2b2b25ff-a6d9-425a-beef-06861babd18d
billing-integration.hourly.test,022dd9f2-1061-4e49-a30b-9e02882a629c,7240fb84-c59c-4b49-beba-df7df9671372,1e010806-80a6-42d9-8d15-5507396dd236,aws,us-west-2,19-test-hourly-23,a69c3425-bdb2-487b-9aa1-7a72f0bed1b4
billing-integration.hourly.test,053c6bc4-a062-483a-a712-240a2828f03f,595a00e5-7f62-4b7e-abd4-00d99ea2076c,2c78a4c4-7340-4d35-91bf-02a91c60250d,aws,us-west-2,test-hourly-resource-69,0ac6bafe-5539-45b5-95ef-780115b9d5e8
billing-integration.hourly.test,83568488-3927-463e-a09f-ac3f826b01d0,595a00e5-7f62-4b7e-abd4-00d99ea2076c,2c78a4c4-7340-4d35-91bf-02a91c60250d,aws,us-west-2,test-hourly-resource-82,ed68e397-0659-4adb-ad86-e1ceed74413b
billing-integration.hourly.test,c609d7a0-5a1e-4786-856e-c379bcd4fd25,595a00e5-7f62-4b7e-abd4-00d99ea2076c,2c78a4c4-7340-4d35-91bf-02a91c60250d,aws,us-west-2,test-hourly-resource-0,d5a9b46e-19de-4daf-b4a6-d3b162abe7e7
billing-integration.hourly.test,d5183c13-5257-4fec-aae9-d7bbff668acb,aa3c2a9f-0628-4d64-b132-fd6bdb1413ce,c48968c1-4f47-45e1-be3f-6aa8b3d9d7a3,aws,us-west-2,79-test-hourly-96,8075b2d5-c05d-46c9-ae8f-cf33b22ac486
billing-integration.hourly.test,4b6740de-8438-48f3-be34-51bb1247e478,aa3c2a9f-0628-4d64-b132-fd6bdb1413ce,c48968c1-4f47-45e1-be3f-6aa8b3d9d7a3,aws,us-west-2,78-test-hourly-87,7ef28e4a-0c68-4c2a-b769-d076097359f3
billing-integration.hourly.test,ffbf466a-2fe9-4674-bbb7-5a6fbdf55ead,aa3c2a9f-0628-4d64-b132-fd6bdb1413ce,c48968c1-4f47-45e1-be3f-6aa8b3d9d7a3,aws,us-west-2,77-test-hourly-33,7ba25c8a-26bc-4ad1-ac0c-5cb0a3458bdf
billing-integration.hourly.test,85a156e7-4291-43ea-ab87-ec3fca06aad0,aa3c2a9f-0628-4d64-b132-fd6bdb1413ce,c48968c1-4f47-45e1-be3f-6aa8b3d9d7a3,aws,us-west-2,76-test-hourly-49,c85a833c-5b24-49cd-8970-df4b36343350
billing-integration.hourly.test,d255b20e-80f9-40b7-86e5-ddc9078bd3ee,fd44db85-fb57-49c1-9425-b3922ea6b0b8,8b22a1e7-51a3-48f4-a6f1-9463add9228f,aws,us-west-2,49-test-hourly-82,c60bef5f-5564-40db-a199-3cd552631f16
billing-integration.hourly.test,4f269ee1-a28e-42db-90dd-a983fccea095,fd44db85-fb57-49c1-9425-b3922ea6b0b8,8b22a1e7-51a3-48f4-a6f1-9463add9228f,aws,us-west-2,48-test-hourly-50,13762590-b332-4fd5-baf8-82cca252c00f
billing-integration.hourly.test,2ecbb3fe-4b14-4ed8-9bdf-3be2d88b6248,fd44db85-fb57-49c1-9425-b3922ea6b0b8,8b22a1e7-51a3-48f4-a6f1-9463add9228f,aws,us-west-2,47-test-hourly-16,93708a96-82f5-497c-8290-80469a85d117
billing-integration.hourly.test,00e254d3-228e-4487-b764-d252365e9bac,fd44db85-fb57-49c1-9425-b3922ea6b0b8,8b22a1e7-51a3-48f4-a6f1-9463add9228f,aws,us-west-2,46-test-hourly-46,908431b8-4faa-427b-bb31-31a18b5a0e02
billing-integration.hourly.test,4a32b44c-c3d9-4146-9530-7678e8c9fc0d,00072f7d-2c9a-4f58-baeb-735baae7a0ce,cef4fb6b-1f73-4401-8a13-0505d24f04ba,aws,us-west-2,43-test-hourly-67,aed0c0ae-d9ec-45a0-a77c-b019f682d841
billing-integration.hourly.test,4d720097-457d-4fe7-8aad-681a8d4af42c,00072f7d-2c9a-4f58-baeb-735baae7a0ce,cef4fb6b-1f73-4401-8a13-0505d24f04ba,aws,us-west-2,42-test-hourly-0,2257704e-1ce4-4312-9dac-24343cab5ecd
billing-integration.hourly.test,55183fe3-0292-4abf-b60b-fcf7225ab4ee,00072f7d-2c9a-4f58-baeb-735baae7a0ce,cef4fb6b-1f73-4401-8a13-0505d24f04ba,aws,us-west-2,41-test-hourly-14,6684321e-6cea-47f7-8762-2085f26cc3f7
billing-integration.hourly.test,ea4e037b-6c5a-4add-842d-cf42a1d33a36,00072f7d-2c9a-4f58-baeb-735baae7a0ce,cef4fb6b-1f73-4401-8a13-0505d24f04ba,aws,us-west-2,40-test-hourly-47,a1197fc6-d3b1-4bc7-aa82-76a9729b3997
billing-integration.hourly.test,e4269611-b9a3-43d7-b575-2de824e045a6,5fac0778-eed9-42cd-9140-9c63eba38481,ba9d81ed-6d03-4abe-9686-a14294da878c,aws,us-west-2,52-test-hourly-40,ca09ae61-3232-4d10-8cdc-18e384119b37
billing-integration.hourly.test,1ff232cf-09f1-4791-a317-3c67e9bd5b5d,5fac0778-eed9-42cd-9140-9c63eba38481,ba9d81ed-6d03-4abe-9686-a14294da878c,aws,us-west-2,51-test-hourly-78,51d85adf-c5c1-4d9e-bb10-3b88257b392f
billing-integration.hourly.test,93190ab3-40d8-454d-8983-1113dc9fd32c,5fac0778-eed9-42cd-9140-9c63eba38481,ba9d81ed-6d03-4abe-9686-a14294da878c,aws,us-west-2,50-test-hourly-94,fb9afff5-c9f2-4eeb-abb1-8c4c06fa17aa
billing-integration.hourly.test,269397a9-cf78-4efd-a78b-f62a5b1359de,5fac0778-eed9-42cd-9140-9c63eba38481,ba9d81ed-6d03-4abe-9686-a14294da878c,aws,us-west-2,49-test-hourly-88,c5342f73-7f8a-4728-b3b0-31fe62283cb1
billing-integration.hourly.test,6cba0b1d-da04-4d97-8b29-cd9f89b553d3,ce1b35e2-3114-49e8-bc1b-a4318b958ef2,f6e207f8-68ac-4120-b2e1-d1cd5f2d07f4,aws,us-west-2,39-test-hourly-84,a15f0193-c8b8-41e8-921a-377c6e823ce0
billing-integration.hourly.test,5838230b-d498-4829-8c43-689f8449ebd2,ce1b35e2-3114-49e8-bc1b-a4318b958ef2,f6e207f8-68ac-4120-b2e1-d1cd5f2d07f4,aws,us-west-2,38-test-hourly-97,008f655f-1ab1-42cf-89a5-7f11054469d3
billing-integration.hourly.test,7e66ac5f-ccc7-4a13-ae75-c2bc18b9ca99,ce1b35e2-3114-49e8-bc1b-a4318b958ef2,f6e207f8-68ac-4120-b2e1-d1cd5f2d07f4,aws,us-west-2,36-test-hourly-63,51b95b53-fd2c-4a67-aa9d-7560d552662c
billing-integration.hourly.test,7a93c28e-0290-4bc3-82bd-ef45d82ae6b7,ce1b35e2-3114-49e8-bc1b-a4318b958ef2,f6e207f8-68ac-4120-b2e1-d1cd5f2d07f4,aws,us-west-2,37-test-hourly-57,3f5b1efa-69d8-4c88-bccc-eef23b780e3c
billing-integration.price-locked.test,fa1d4ab6-559f-4c8c-a64b-3c56970c78b0,5fbecd37-9a2e-4c90-ae1c-ce71ae50137e,285ff581-26f7-45c5-b3ad-4f6495c375c2,aws,us-west-2,2-test-price-locked-12,767ad5d6-960b-4469-95a7-ae1e6bcbefee
billing-integration.price-locked.test,e34a7d07-6cd8-4efb-b34e-dada1568e1fc,5fbecd37-9a2e-4c90-ae1c-ce71ae50137e,285ff581-26f7-45c5-b3ad-4f6495c375c2,aws,us-west-2,1-test-price-locked-24,ff86c71b-53d3-459f-9df9-f667bcf24250
billing-integration.hourly.test,e6a77c58-7b2e-48f0-883a-31149a4e5f16,20346fc3-9831-4262-869b-697f00dc104d,8dbfe987-9eae-4bab-9885-da7bf4664508,aws,us-west-2,19-test-hourly-39,6812c253-a0cf-4e3b-a8b5-6e69412f8c14
billing-integration.hourly.test,c8e5a447-d17e-48b5-b0b6-1c707617f945,20346fc3-9831-4262-869b-697f00dc104d,8dbfe987-9eae-4bab-9885-da7bf4664508,aws,us-west-2,17-test-hourly-40,a2250569-327b-464a-bdd1-06acac8ad742
billing-integration.hourly.test,7ddff229-df8e-4f55-898b-ce40a608e29e,20346fc3-9831-4262-869b-697f00dc104d,8dbfe987-9eae-4bab-9885-da7bf4664508,aws,us-west-2,14-test-hourly-46,e41836c1-3a53-4985-b8b6-149dd96da1c7
billing-integration.hourly.test,63770c33-2c00-436c-b3a4-fc32d56e772f,20346fc3-9831-4262-869b-697f00dc104d,8dbfe987-9eae-4bab-9885-da7bf4664508,aws,us-west-2,10-test-hourly-35,b4e4ab37-2bf9-4bb6-a217-d23f5d88c269
billing-integration.hourly.test,7e334f87-507d-4998-a090-2c8db0fd66e5,703c4565-52f5-43df-be5d-9552e0844185,c2d618cf-e637-4825-9745-9dc749da2fa8,aws,us-west-2,83-test-hourly-85,adcde2b4-0f18-4b5d-80ea-f768dc71bfd1
billing-integration.hourly.test,d460239c-464a-4a77-84c6-39d81920984c,703c4565-52f5-43df-be5d-9552e0844185,c2d618cf-e637-4825-9745-9dc749da2fa8,aws,us-west-2,82-test-hourly-24,dda7854c-b7f3-49c6-9bd3-f80a1988a9ec
billing-integration.hourly.test,fb14ddff-4ed2-4e49-bfbd-8127ee89b022,703c4565-52f5-43df-be5d-9552e0844185,c2d618cf-e637-4825-9745-9dc749da2fa8,aws,us-west-2,81-test-hourly-37,7a7b7469-d764-4541-916f-7a94e449762f
billing-integration.hourly.test,5bbeaa7a-a62b-43d0-9425-17fbd8189b72,703c4565-52f5-43df-be5d-9552e0844185,c2d618cf-e637-4825-9745-9dc749da2fa8,aws,us-west-2,80-test-hourly-81,0d5310d8-fb23-4998-b48d-eba1c0ed986c
billing-integration.hourly.test,8a968e92-c17b-4ca9-9e16-1e195ddeefc3,669e1b1f-e129-484b-a5bf-bf8a2660a0a7,550c03f6-aeb4-424f-b725-19ab3096b08d,aws,us-west-2,24-test-hourly-98,380e189a-5996-4b44-b3c1-0371400f26e1
billing-integration.hourly.test,b86e203b-b36f-44c6-a293-72dc12f45572,669e1b1f-e129-484b-a5bf-bf8a2660a0a7,550c03f6-aeb4-424f-b725-19ab3096b08d,aws,us-west-2,23-test-hourly-2,0d2cccf2-ee1a-48de-b4d8-eadeb24ac6f2
billing-integration.hourly.test,55d309c1-d245-4fd7-adf1-5af83d709a6e,669e1b1f-e129-484b-a5bf-bf8a2660a0a7,550c03f6-aeb4-424f-b725-19ab3096b08d,aws,us-west-2,22-test-hourly-39,f430b4d7-48ab-4918-89a6-010c8e16622b
billing-integration.hourly.test,b963d912-eba6-41bf-856e-77f183643880,669e1b1f-e129-484b-a5bf-bf8a2660a0a7,550c03f6-aeb4-424f-b725-19ab3096b08d,aws,us-west-2,21-test-hourly-15,452cf003-a656-4021-ac1a-04d727392eee
billing-integration.hourly.test,1a9288a8-c443-40fd-981c-4fdc720d757f,bca49a03-9b6b-4ae0-be71-d81b8364dc56,ae7cb5e6-67ad-4bea-8124-f6d5d73d11ad,aws,us-west-2,41-test-hourly-2,e8dee3cc-5ce3-4773-b4c5-eaba2f6e1224
billing-integration.hourly.test,a1e261cf-5cc0-48c0-b353-0b628647d38f,bca49a03-9b6b-4ae0-be71-d81b8364dc56,ae7cb5e6-67ad-4bea-8124-f6d5d73d11ad,aws,us-west-2,40-test-hourly-23,c12ea1fb-360b-41f5-a563-63e1687f57ad
billing-integration.hourly.test,fdfda0a9-5b7a-42b4-8337-37936e6aa8af,bca49a03-9b6b-4ae0-be71-d81b8364dc56,ae7cb5e6-67ad-4bea-8124-f6d5d73d11ad,aws,us-west-2,39-test-hourly-91,98fa43d0-406e-4f6c-a34c-415a0d5c492b
billing-integration.hourly.test,ae1e2826-e779-4b5b-b821-f8d87ab919eb,bca49a03-9b6b-4ae0-be71-d81b8364dc56,ae7cb5e6-67ad-4bea-8124-f6d5d73d11ad,aws,us-west-2,38-test-hourly-80,2e5841d5-9bfb-484c-9251-1d129865488b
billing-integration.hourly.test,de5c2d5e-dbf0-4203-a85a-6541ea11fe5a,3e22ad42-cc9b-48fc-8c18-cad320d57888,00b58b02-2998-4860-98d9-614fbfc1a846,aws,us-west-2,test-hourly-resource-34,261e67fc-0c9a-4ff8-ae26-32386f363c66
billing-integration.hourly.test,0ebfa269-347d-4f2e-8d40-27b5a56d614f,3e22ad42-cc9b-48fc-8c18-cad320d57888,00b58b02-2998-4860-98d9-614fbfc1a846,aws,us-west-2,test-hourly-resource-7,cadb4a2f-d2a0-41b7-ad2c-205d7a74ca2e
billing-integration.hourly.test,f449be8b-41ac-422c-854f-3fa753dd42c0,3e22ad42-cc9b-48fc-8c18-cad320d57888,00b58b02-2998-4860-98d9-614fbfc1a846,aws,us-west-2,test-hourly-resource-21,131db626-8573-4813-9d7d-c6522144713d
billing-integration.monthly-cumulative.test,d9ebcfb3-7bef-4166-983e-37037e49cfe3,93da7ae5-3d3a-4816-89c3-647d84fb0e20,b8dd8c46-4d21-4e46-9316-5a642f8f453b,aws,us-west-2,20-test-monthly-cmv-94,c5e7f2fc-34cc-4843-bb0a-516069593e13
billing-integration.hourly.test,53fb1a86-a585-43ea-9c2a-2c2deb322ead,f74ed261-e0aa-46f0-b9bc-df66d51196f4,3087d0dd-fe29-4eca-9e77-ee387d8dea33,aws,us-west-2,test-hourly-resource-61,ee0f545d-fff2-4788-a97c-72d8ff214781
billing-integration.hourly.test,1709d9f2-6c6a-40f6-a7ed-0f56d8e39b9c,f74ed261-e0aa-46f0-b9bc-df66d51196f4,3087d0dd-fe29-4eca-9e77-ee387d8dea33,aws,us-west-2,test-hourly-resource-19,b489031b-066e-4d3f-9819-2f6db7a35647
billing-integration.hourly.test,7b265a32-ba6c-4e0d-97f6-bd5f1bdd0e1e,1bd035af-8a95-4d8a-b310-60d0f182c81c,f8a17962-786a-4185-85b2-4743338e032e,aws,us-west-2,31-test-hourly-27,8190c4a0-ad58-4323-8cee-f798dc20d670
billing-integration.hourly.test,952a6c8d-6a7c-479b-bf6d-823bf7fa316e,1bd035af-8a95-4d8a-b310-60d0f182c81c,f8a17962-786a-4185-85b2-4743338e032e,aws,us-west-2,30-test-hourly-66,5a4e9371-92aa-4983-9ace-7827bbb615c0
billing-integration.hourly.test,05863169-72b8-42eb-ade6-de00657a62fd,1bd035af-8a95-4d8a-b310-60d0f182c81c,f8a17962-786a-4185-85b2-4743338e032e,aws,us-west-2,29-test-hourly-89,d9c780ff-4433-489f-8988-128ffd452685
billing-integration.hourly.test,58bf0cce-cfee-4df0-84dc-0d3cf5d07a54,1bd035af-8a95-4d8a-b310-60d0f182c81c,f8a17962-786a-4185-85b2-4743338e032e,aws,us-west-2,28-test-hourly-24,1737f4a1-afd2-48b7-ba31-1bdab48f7920
billing-integration.hourly.test,c3814b1b-f4dd-4b0e-8685-1e72802de908,53eb9f58-7269-4335-8ddf-b6337cec87e9,1d96f712-c3b4-488c-b608-5237a021b30b,aws,us-west-2,19-test-hourly-86,65ee1fa0-f5fe-47c1-8558-d51ef8d08fa6
billing-integration.hourly.test,7017cf21-31b6-4d94-9253-e6f00d7dfff2,53eb9f58-7269-4335-8ddf-b6337cec87e9,1d96f712-c3b4-488c-b608-5237a021b30b,aws,us-west-2,18-test-hourly-26,3f0f1410-23d2-425f-8f8a-3733048f07ec
billing-integration.hourly.test,bd0fc59f-70d2-46ef-9ae1-02187ccac8e7,53eb9f58-7269-4335-8ddf-b6337cec87e9,1d96f712-c3b4-488c-b608-5237a021b30b,aws,us-west-2,20-test-hourly-14,80226223-caf6-44f7-bae4-73d6578b8b34
billing-integration.hourly.test,aec35474-b0c7-4f5f-ad69-35cf73849ec3,53eb9f58-7269-4335-8ddf-b6337cec87e9,1d96f712-c3b4-488c-b608-5237a021b30b,aws,us-west-2,17-test-hourly-10,5dfe7e8a-5184-4e15-94a0-6c1c0a4d2570
billing-integration.monthly-metric-only.test,5076946a-5caa-4d6e-84db-1e5ac75ae065,2671b9fd-5960-4299-9d3f-39f3f7a39f6c,2259f663-4e07-4b83-99bf-60468004bf22,aws,us-west-2,37-test-monthly-metric-only-62,f2383046-e2d5-4690-97f4-90b1aeb2b85b
billing-integration.hourly.test,03e3fe22-2ad3-46f2-8e2a-39c138fbba7c,c0904dce-033f-4c1e-a857-48c275df7885,1cff2545-08c5-4cc4-ae17-a15f362e2c14,aws,us-west-2,27-test-hourly-53,610b375f-61b5-4afe-ba85-e114d05ae579
billing-integration.hourly.test,87ed8ee1-174d-4556-8a90-1c243c7df0a4,c0904dce-033f-4c1e-a857-48c275df7885,1cff2545-08c5-4cc4-ae17-a15f362e2c14,aws,us-west-2,29-test-hourly-53,cbefa05f-18dc-4643-95ba-68fe7413fd77
billing-integration.hourly.test,a1b7d1fd-de8e-4ffd-8848-02fdfd7c2406,c0904dce-033f-4c1e-a857-48c275df7885,1cff2545-08c5-4cc4-ae17-a15f362e2c14,aws,us-west-2,28-test-hourly-49,e172eef0-d8f4-4868-9257-227bd1905a6a
billing-integration.hourly.test,6df557d2-70ad-4e1d-8f11-12710e8b6dd0,c0904dce-033f-4c1e-a857-48c275df7885,1cff2545-08c5-4cc4-ae17-a15f362e2c14,aws,us-west-2,26-test-hourly-72,6435736a-d8b4-4e3a-9b3d-0a6956926994
billing-integration.hourly.test,596deb96-a821-4a62-90d5-07a89eb90b61,05719542-f575-400d-9982-701b51a7cc2f,55f7a70e-61c9-4f95-9682-a457e27cd47b,aws,us-west-2,48-test-hourly-74,eb39cef1-0cca-4908-b89b-35cde75a18a6
billing-integration.hourly.test,e6c08e34-9194-45cd-81f0-3d0bfcba33f0,05719542-f575-400d-9982-701b51a7cc2f,55f7a70e-61c9-4f95-9682-a457e27cd47b,aws,us-west-2,47-test-hourly-14,122db4bb-f0eb-44bc-96af-3bdce9441620
billing-integration.hourly.test,decb4fd5-9238-4db0-a8b0-19e8a24168ce,05719542-f575-400d-9982-701b51a7cc2f,55f7a70e-61c9-4f95-9682-a457e27cd47b,aws,us-west-2,46-test-hourly-37,2ac616ae-84df-4751-a9c7-27bab4954d9e
billing-integration.hourly.test,4cf51145-d7ff-43d3-9052-c0735de74f52,05719542-f575-400d-9982-701b51a7cc2f,55f7a70e-61c9-4f95-9682-a457e27cd47b,aws,us-west-2,45-test-hourly-71,2d211286-fc73-4198-9467-54be792cd035
billing-integration.hourly.test,7a3553bb-b2ad-44f0-8d19-7bf5ed3a0542,4c2e4261-4b4b-494a-9d51-197707077b62,b91b143f-6680-48b2-aba2-64b9eda5508a,aws,us-west-2,91-test-hourly-45,0c4fa996-093f-4e0d-91cc-b72f7e3dd6ea
billing-integration.hourly.test,d18e40dd-1dd3-4fb8-b629-dcde9f5c3e5d,4c2e4261-4b4b-494a-9d51-197707077b62,b91b143f-6680-48b2-aba2-64b9eda5508a,aws,us-west-2,90-test-hourly-84,5a9d0ae1-5c12-45b3-baeb-0c07b345ae1b
billing-integration.hourly.test,24c0102f-3c2a-4b12-9f44-e5d73d1c3bed,4c2e4261-4b4b-494a-9d51-197707077b62,b91b143f-6680-48b2-aba2-64b9eda5508a,aws,us-west-2,89-test-hourly-54,7650c135-014a-4bed-8ae1-af3d2ef4603d
billing-integration.hourly.test,db97042f-630b-4596-ba51-2b69d80e0959,4c2e4261-4b4b-494a-9d51-197707077b62,b91b143f-6680-48b2-aba2-64b9eda5508a,aws,us-west-2,88-test-hourly-2,124387b4-d4b7-4c25-8ce9-bbead4a030d7
billing-integration.monthly-cumulative.test,0bc0e93a-a051-4546-8c5c-3c7758c98c33,15f86551-db1b-40ab-a73c-d19cc8b43c5b,6155e475-f9c4-4140-827c-14d0468f8fb2,aws,us-west-2,23-test-monthly-cmv-34,e90b8662-4d3b-4660-a8e4-89b7fe16d7b3
billing-integration.hourly.test,a0d9bb7f-29f4-41fb-9b2e-4e2a4d8b45c0,09081235-54ee-439d-afbe-07086ed98b01,93bd238a-3a51-4d21-81c1-76e52a342c61,aws,us-west-2,36-test-hourly-73,c4ccbbea-cabb-4781-b004-48b0e1b64690
billing-integration.hourly.test,21c04557-df98-471c-81ae-6c3f968424cb,09081235-54ee-439d-afbe-07086ed98b01,93bd238a-3a51-4d21-81c1-76e52a342c61,aws,us-west-2,34-test-hourly-35,44d3c984-cc13-4a82-b782-b012902bc753
billing-integration.hourly.test,384571de-cf54-46fe-8be9-fff42cd008f7,09081235-54ee-439d-afbe-07086ed98b01,93bd238a-3a51-4d21-81c1-76e52a342c61,aws,us-west-2,37-test-hourly-11,fdcfd168-c233-4159-bf3a-831ef66c304e
billing-integration.hourly.test,f9794064-da2e-4359-83b9-2c561baccd57,09081235-54ee-439d-afbe-07086ed98b01,93bd238a-3a51-4d21-81c1-76e52a342c61,aws,us-west-2,35-test-hourly-34,cc4483f9-7e51-4bae-9948-5071d1459177
billing-integration.hourly.test,1866a2f0-0ab7-4f93-bc73-3d66fd968180,f6229445-820d-44e9-b05f-effbd53fa17e,4b494984-244d-4be8-803d-56568d4a6a48,aws,us-west-2,test-hourly-resource-41,2e39cb5d-e169-4964-9f6d-d3cd9a725d7b
billing-integration.hourly.test,c7847149-2d50-4a0b-b97b-3a77bfcf4e2e,f6229445-820d-44e9-b05f-effbd53fa17e,4b494984-244d-4be8-803d-56568d4a6a48,aws,us-west-2,test-hourly-resource-22,a95b92e2-a1ce-41ae-9aa6-f7b1ed7691a0
billing-integration.hourly.test,950e1bd2-315c-44c7-ab2a-450129396acd,f6229445-820d-44e9-b05f-effbd53fa17e,4b494984-244d-4be8-803d-56568d4a6a48,aws,us-west-2,test-hourly-resource-5,6970a536-f2da-42c1-99ae-1e54adcb5aad
billing-integration.hourly.test,42b38dfd-d6fb-4957-b93b-effc5527cabe,d22aa28b-192f-47ec-a6ce-0c5f00c25e17,abc592a2-0156-42ed-934c-5cd1c37048b4,aws,us-west-2,47-test-hourly-42,a5bcafc6-0b7c-42ad-8d5c-c973ae8ff4e9
billing-integration.hourly.test,20b6a8e2-d8e9-44d6-acbc-8f360a4fa3ac,d22aa28b-192f-47ec-a6ce-0c5f00c25e17,abc592a2-0156-42ed-934c-5cd1c37048b4,aws,us-west-2,46-test-hourly-57,f7fe5428-0d8c-4fde-9ced-5d5815d0f465
billing-integration.hourly.test,c74e4aa7-d4df-488f-b15b-5f5c4f56545b,d22aa28b-192f-47ec-a6ce-0c5f00c25e17,abc592a2-0156-42ed-934c-5cd1c37048b4,aws,us-west-2,45-test-hourly-45,f0a65e2a-0cfe-4fea-981a-97e802c66b89
billing-integration.hourly.test,005cc08a-39e7-49d0-9839-39b66fc1aee8,d22aa28b-192f-47ec-a6ce-0c5f00c25e17,abc592a2-0156-42ed-934c-5cd1c37048b4,aws,us-west-2,44-test-hourly-67,f2b5d9dd-98d1-46bd-983f-a94cf1d29a16
billing-integration.hourly.test,6ca7ec41-0e59-437e-912c-2efa641eeff1,6bc660e7-340f-4e0c-8aaa-3d45b80ca4fb,31e67650-7366-4b41-bcbf-910f6d9a71e5,aws,us-west-2,37-test-hourly-67,33fb8d46-0043-4fdd-9c80-7ada3a08d487
billing-integration.hourly.test,cf2f097b-23e7-46e1-9b73-3b913cd592ba,6bc660e7-340f-4e0c-8aaa-3d45b80ca4fb,31e67650-7366-4b41-bcbf-910f6d9a71e5,aws,us-west-2,36-test-hourly-20,984312a1-824c-4f65-a01c-0aab82fc625d
billing-integration.hourly.test,8aa1348f-c8ce-474f-8a4e-f72350634fe1,6bc660e7-340f-4e0c-8aaa-3d45b80ca4fb,31e67650-7366-4b41-bcbf-910f6d9a71e5,aws,us-west-2,35-test-hourly-30,a981d781-ae8c-4a78-8bb7-17a81da14a06
billing-integration.hourly.test,c5b640bd-9ac3-4c69-95e5-625cc9091aed,6bc660e7-340f-4e0c-8aaa-3d45b80ca4fb,31e67650-7366-4b41-bcbf-910f6d9a71e5,aws,us-west-2,38-test-hourly-14,bd1589dd-608e-4f09-87bc-058a937dd748
billing-integration.hourly.test,e12901f4-e2d4-4e94-91cf-a16c2a48836f,429ded93-e6f7-41fb-bb70-4bcf950e6f2d,7e3f9240-c6a0-4cbf-b5a2-3d5e6bbfd1ae,aws,us-west-2,test-hourly-resource-15,b6a06132-360e-4138-862d-dc9d76ac121d
billing-integration.hourly.test,1bdf00c4-175d-4e31-a732-fd5aa4b804f0,429ded93-e6f7-41fb-bb70-4bcf950e6f2d,7e3f9240-c6a0-4cbf-b5a2-3d5e6bbfd1ae,aws,us-west-2,test-hourly-resource-53,5d86d532-9591-4bdb-b469-e1ed5734427c
billing-integration.hourly.test,f86bdca5-898c-4746-b260-3acd93baa56b,429ded93-e6f7-41fb-bb70-4bcf950e6f2d,7e3f9240-c6a0-4cbf-b5a2-3d5e6bbfd1ae,aws,us-west-2,test-hourly-resource-22,8301c9d8-1cac-45f5-8b73-2b88403f3590
billing-integration.hourly.test,94fa96ac-6379-40ad-94ec-80e22293669e,5c301c49-f717-4fde-9ab1-e0aa3171aac9,17ea0022-44c6-4ba9-b3ca-649e1432ec4f,aws,us-west-2,35-test-hourly-31,304ab756-006a-4f40-8ece-2c76418fa650
billing-integration.hourly.test,ecca22d9-1d31-425d-b3d9-ce2a17e57bde,5c301c49-f717-4fde-9ab1-e0aa3171aac9,17ea0022-44c6-4ba9-b3ca-649e1432ec4f,aws,us-west-2,34-test-hourly-88,f15385c9-7ae7-45c0-bf57-11a7a40fe6c3
billing-integration.hourly.test,54aa0620-19ac-4770-a378-59ffedf15335,5c301c49-f717-4fde-9ab1-e0aa3171aac9,17ea0022-44c6-4ba9-b3ca-649e1432ec4f,aws,us-west-2,33-test-hourly-78,9799aa55-4674-4c56-9b82-3da8c1e4c5ed
billing-integration.hourly.test,71fc851b-45da-47d4-a1bc-ed75e088b1ed,5c301c49-f717-4fde-9ab1-e0aa3171aac9,17ea0022-44c6-4ba9-b3ca-649e1432ec4f,aws,us-west-2,32-test-hourly-98,57d9b989-f4df-4c44-aa20-27a46df7af1f
billing-integration.hourly.test,d3018b09-780c-4014-a40e-0b3ad885bd3c,4b7f608d-35fd-465a-b96e-8905ac1eb7b1,9895bb0f-f5b9-47ec-bbf7-8c1042d6706a,aws,us-west-2,83-test-hourly-98,2409f527-3bc6-4070-940e-68490a09ac9d
billing-integration.hourly.test,98b48798-d0cb-49cf-a12a-c8dbd38d8710,4b7f608d-35fd-465a-b96e-8905ac1eb7b1,9895bb0f-f5b9-47ec-bbf7-8c1042d6706a,aws,us-west-2,82-test-hourly-62,d6e0ffad-ab33-4058-9b19-a217aa730010
billing-integration.hourly.test,b9ddbea3-cf02-4af6-b734-88c00c2104ef,4b7f608d-35fd-465a-b96e-8905ac1eb7b1,9895bb0f-f5b9-47ec-bbf7-8c1042d6706a,aws,us-west-2,81-test-hourly-74,32e331d3-e852-4928-8354-bc715ea04112
billing-integration.hourly.test,522a3bb8-d308-4289-9fda-4d77668dc127,4b7f608d-35fd-465a-b96e-8905ac1eb7b1,9895bb0f-f5b9-47ec-bbf7-8c1042d6706a,aws,us-west-2,78-test-hourly-30,1677e62b-1281-4641-8736-00e94616ce5f
billing-integration.hourly.test,3158f87f-2438-452e-9e55-9c41d3a5bd36,bdc38d15-1a4f-4248-aa41-064e6284a627,b2279596-6ef8-44ad-a24b-c5badea9e307,aws,us-west-2,40-test-hourly-55,7ba43df5-3460-4d83-8420-3d05bda5dd8f
billing-integration.hourly.test,39d83449-25da-4159-a8c8-a2e9b48e16a2,bdc38d15-1a4f-4248-aa41-064e6284a627,b2279596-6ef8-44ad-a24b-c5badea9e307,aws,us-west-2,37-test-hourly-68,518de5dd-147c-4d4d-8ed6-c57539b27520
billing-integration.hourly.test,f38aa11a-1b77-4b59-ba9f-7f33e1632ca7,bdc38d15-1a4f-4248-aa41-064e6284a627,b2279596-6ef8-44ad-a24b-c5badea9e307,aws,us-west-2,39-test-hourly-85,da80e904-5998-4585-95e1-21f4998fe423
billing-integration.hourly.test,b133cc28-6cec-49dd-a321-01ceeb1d45ee,bdc38d15-1a4f-4248-aa41-064e6284a627,b2279596-6ef8-44ad-a24b-c5badea9e307,aws,us-west-2,38-test-hourly-2,1df5da49-2deb-4d66-b4d3-9eeaba5ae971
billing-integration.monthly-cumulative.test,79aeaba8-fdee-45e9-bd94-be2dfb2e2362,1f6cbe70-a2e2-4ca6-8043-c505ab9be616,8dc1147a-813c-4f9e-81d8-a1e6792ddb7f,aws,us-west-2,58-test-monthly-cmv-23,877fa681-c852-446d-aa91-0a95d74368d5
billing-integration.hourly.test,97bfbd18-0174-4c42-9359-0de974c6c739,996dd66e-ca52-454e-bd14-f19eef11de2f,52aec078-4e03-4ef7-9b86-aa0bbfc7796e,aws,us-west-2,test-hourly-resource-89,3203b05f-7773-485e-ae7a-39dc1c7caa80
billing-integration.hourly.test,492d4816-2f70-4281-817d-955a60180ae7,996dd66e-ca52-454e-bd14-f19eef11de2f,52aec078-4e03-4ef7-9b86-aa0bbfc7796e,aws,us-west-2,test-hourly-resource-96,551c7e5e-28c9-4ec4-81bf-f38802b32722
billing-integration.hourly.test,00a6681a-a08e-44dc-9d8f-b3d1014f6fb3,996dd66e-ca52-454e-bd14-f19eef11de2f,52aec078-4e03-4ef7-9b86-aa0bbfc7796e,aws,us-west-2,test-hourly-resource-72,c2573dfa-1c80-4308-8e7d-0435cc38f8f8
billing-integration.hourly.test,933a58f5-bf98-41f5-89ad-0a3dd16c7275,1f3f4a50-9681-4dd6-8958-9a2a502f382b,4350c465-ba23-46c2-ba89-9524bb7f0b60,aws,us-west-2,8-test-hourly-0,4ee0e469-6ee8-47f8-ba20-505ad6335b93
billing-integration.hourly.test,f16dcd40-3b5f-4777-9e13-f5958c3a9f7e,1f3f4a50-9681-4dd6-8958-9a2a502f382b,4350c465-ba23-46c2-ba89-9524bb7f0b60,aws,us-west-2,7-test-hourly-1,35052712-66f8-4458-913f-4c90647201e7
billing-integration.hourly.test,a00cfd4c-b94d-4108-8958-c24bfbf21509,1f3f4a50-9681-4dd6-8958-9a2a502f382b,4350c465-ba23-46c2-ba89-9524bb7f0b60,aws,us-west-2,6-test-hourly-95,5222b6a6-80e5-4693-a82f-38011edb83cd
billing-integration.hourly.test,24ddfb2e-ba10-4f11-8f90-c8fb54b662c3,1f3f4a50-9681-4dd6-8958-9a2a502f382b,4350c465-ba23-46c2-ba89-9524bb7f0b60,aws,us-west-2,5-test-hourly-93,5697f045-4158-44e3-b727-74da733547ae
billing-integration.minutely.test,c74103a0-b2d3-4674-82e1-4398e7c5db4e,73b3443f-ce35-4109-94ca-7ec72741d31d,56028858-790e-4527-985d-844f90474b2c,aws,us-west-2,3-test-minutely-42,61d433e5-dcbb-470b-b7ce-6f3694b5cf88
billing-integration.hourly.test,9948a27a-5c02-4e58-bf19-c13882dcbba2,f821ca1d-8961-4742-b77f-832d30012bdd,8a74a9fa-afc5-418e-bdf6-687671c23407,aws,us-west-2,22-test-hourly-20,ed004846-a8b0-4774-b221-710b26e413f8
billing-integration.hourly.test,cd181029-aed3-4336-95a2-e52dd133facc,f821ca1d-8961-4742-b77f-832d30012bdd,8a74a9fa-afc5-418e-bdf6-687671c23407,aws,us-west-2,20-test-hourly-50,48e45fa6-c132-4a42-8a4a-84c8f9da2973
billing-integration.hourly.test,1605b465-96db-4d3d-b158-763cedc41cbf,f821ca1d-8961-4742-b77f-832d30012bdd,8a74a9fa-afc5-418e-bdf6-687671c23407,aws,us-west-2,21-test-hourly-64,9cf29e2e-c086-4e56-a94f-f20b2fc35878
billing-integration.hourly.test,149a5b11-3ecc-44fd-9ae7-eecc7d4f87bf,f821ca1d-8961-4742-b77f-832d30012bdd,8a74a9fa-afc5-418e-bdf6-687671c23407,aws,us-west-2,19-test-hourly-23,4817b5dd-8ae6-46c7-9b6b-93704eb087ce
billing-integration.monthly-cumulative.test,30dc169f-dc99-441f-88f7-618dbd446fd0,25575d71-32ca-4600-8c58-cd0f9870b97a,2c2612ce-8123-4167-9006-3c8e2596cead,aws,us-west-2,59-test-monthly-cmv-41,3b8b37ce-37d0-4e6e-83c4-334b0b24985e
billing-integration.hourly.test,8efb9cae-9e59-4492-a485-c482e3fa1d6b,b52fc57a-d247-496d-bac2-c68ee21e495d,5d96ebbc-4e1a-49d2-90d7-18fd6255c85d,aws,us-west-2,67-test-hourly-55,e2ad6de1-2e2c-4742-b756-52c27685271b
billing-integration.hourly.test,81770b10-5c7e-4944-994a-ffe7eb1e1cba,b52fc57a-d247-496d-bac2-c68ee21e495d,5d96ebbc-4e1a-49d2-90d7-18fd6255c85d,aws,us-west-2,66-test-hourly-93,fc5c5dd3-b492-4f27-bcfb-3969ae5b2288
billing-integration.hourly.test,2b20ed6b-aa98-428e-9cf3-5f4e83822da2,b52fc57a-d247-496d-bac2-c68ee21e495d,5d96ebbc-4e1a-49d2-90d7-18fd6255c85d,aws,us-west-2,65-test-hourly-82,85380c7f-8c72-46a6-87d5-c551fdae2c2e
billing-integration.hourly.test,ee7b3802-b228-4729-8fcf-c67d110a8a56,b52fc57a-d247-496d-bac2-c68ee21e495d,5d96ebbc-4e1a-49d2-90d7-18fd6255c85d,aws,us-west-2,64-test-hourly-82,ed258ddf-fde1-4626-980f-18313f9ba5b5
billing-integration.hourly.test,0646b65b-7751-4ec1-8c74-496a524015b2,47117671-a525-4cbd-be19-e0be0847852b,db272f73-6633-4115-85ad-0a39c2e57432,aws,us-west-2,test-hourly-resource-78,6bf90308-b02a-402d-afd2-5bcc70922c21
billing-integration.hourly.test,de2575be-62f0-42d6-a20d-1bd4b75830b7,47117671-a525-4cbd-be19-e0be0847852b,db272f73-6633-4115-85ad-0a39c2e57432,aws,us-west-2,test-hourly-resource-47,4d939d3e-9b46-48b9-a9e2-02cadfe47b15
billing-integration.hourly.test,55905f0a-2dae-4cdd-987e-6f2152621933,47117671-a525-4cbd-be19-e0be0847852b,db272f73-6633-4115-85ad-0a39c2e57432,aws,us-west-2,test-hourly-resource-68,5b06d1d0-9e8d-48e6-ad8b-081b96ca3362
billing-integration.hourly.test,f02d09c5-bf84-4718-9dbd-f56132ce9016,1a51d61c-9754-4498-b2d8-469f0ea6b810,49cd3de6-dd2f-4f8c-8daa-1b01e2026dfc,aws,us-west-2,86-test-hourly-43,2189b722-84de-44aa-8fdc-7f9a375f0451
billing-integration.hourly.test,9f10ea49-6597-43f0-9b5a-5901c9a82bcf,1a51d61c-9754-4498-b2d8-469f0ea6b810,49cd3de6-dd2f-4f8c-8daa-1b01e2026dfc,aws,us-west-2,85-test-hourly-72,a0c54cbe-d978-4979-b973-2f3a58e6fd0f
billing-integration.hourly.test,ade9b099-0a44-4a6e-a9e4-811e7a72dae1,1a51d61c-9754-4498-b2d8-469f0ea6b810,49cd3de6-dd2f-4f8c-8daa-1b01e2026dfc,aws,us-west-2,84-test-hourly-11,01570806-9e99-465e-8259-c0e8f3fdae1b
billing-integration.hourly.test,9a05fe1d-82ad-4522-976d-01006203da2b,1a51d61c-9754-4498-b2d8-469f0ea6b810,49cd3de6-dd2f-4f8c-8daa-1b01e2026dfc,aws,us-west-2,83-test-hourly-6,36ff8ece-9b5b-458b-b8f1-c9f9ecdf7271
billing-integration.hourly.test,02259b1e-d051-4a89-9665-098e3ec71b9a,5dc00d92-9d76-4f82-a53d-aa20444cd38e,438f6cb1-99cc-4b98-803c-d802d0d9ded1,aws,us-west-2,27-test-hourly-14,a6edcf56-a68d-4adc-8e9b-f59be933902f
billing-integration.hourly.test,8c798308-c5b0-4afe-81db-a07452abee81,5dc00d92-9d76-4f82-a53d-aa20444cd38e,438f6cb1-99cc-4b98-803c-d802d0d9ded1,aws,us-west-2,25-test-hourly-57,b9773df7-46ea-4e57-98e6-611bb10ae6fc
billing-integration.hourly.test,2fb6356b-5ee4-432f-9b54-9ad3632dabd7,5dc00d92-9d76-4f82-a53d-aa20444cd38e,438f6cb1-99cc-4b98-803c-d802d0d9ded1,aws,us-west-2,22-test-hourly-61,fd20a783-7d47-411b-9cd9-ef1c1dbc3d33
billing-integration.hourly.test,88846e56-a149-43a7-a7c7-ff149fb6bba1,5dc00d92-9d76-4f82-a53d-aa20444cd38e,438f6cb1-99cc-4b98-803c-d802d0d9ded1,aws,us-west-2,18-test-hourly-79,c7628ac1-5ce5-49bf-a5f3-241d8812c406
billing-integration.hourly.test,edd1d5e7-1b31-44a5-8b3d-17706f6ebc81,ab57f1c1-e507-4267-9cc6-e7244b2415a4,149d8c4b-dc6d-4dbf-a417-49b3e1070326,aws,us-west-2,35-test-hourly-32,a6c34537-0103-4753-aaf3-e47536c6664b
billing-integration.hourly.test,e03cc48d-034b-47be-b27e-eb55052c7ad0,ab57f1c1-e507-4267-9cc6-e7244b2415a4,149d8c4b-dc6d-4dbf-a417-49b3e1070326,aws,us-west-2,36-test-hourly-4,a630210a-cf0e-460f-81ec-7f2523056ea2
billing-integration.hourly.test,ab0bd4be-6b35-4019-bd1d-b9a9003520e9,ab57f1c1-e507-4267-9cc6-e7244b2415a4,149d8c4b-dc6d-4dbf-a417-49b3e1070326,aws,us-west-2,37-test-hourly-37,d730d630-efec-4f8a-9ea2-a3fe3119ef46
billing-integration.hourly.test,ac163169-b6c5-4e92-84ec-7088a9107362,ab57f1c1-e507-4267-9cc6-e7244b2415a4,149d8c4b-dc6d-4dbf-a417-49b3e1070326,aws,us-west-2,34-test-hourly-42,080a4b51-0103-4de4-92f7-e7e17cfc0a44
billing-integration.hourly.test,bba7dddd-d72c-4c7d-86a5-437f78803204,eb54e164-58a2-4e5c-8167-ab6d756a7666,88211c91-bc21-4b2b-8762-02768dc64870,aws,us-west-2,28-test-hourly-60,bc6a182c-cdf0-4536-9f4d-e2819fa9e1ad
billing-integration.hourly.test,1f881577-6c87-47b0-bb0e-7ccdd01a2c58,eb54e164-58a2-4e5c-8167-ab6d756a7666,88211c91-bc21-4b2b-8762-02768dc64870,aws,us-west-2,27-test-hourly-46,8472c0a2-9d73-455d-8d41-e72024e8275a
billing-integration.hourly.test,3821a31e-3b68-472b-9756-2a46809c7944,eb54e164-58a2-4e5c-8167-ab6d756a7666,88211c91-bc21-4b2b-8762-02768dc64870,aws,us-west-2,26-test-hourly-44,45ae4da1-9488-473b-a0e4-89358bd1f97a
billing-integration.hourly.test,f6af0f35-4527-4dfd-8e39-2c2052d629d1,eb54e164-58a2-4e5c-8167-ab6d756a7666,88211c91-bc21-4b2b-8762-02768dc64870,aws,us-west-2,25-test-hourly-2,3c6b3dbc-bc46-446c-9e5b-010c7a53e56e
billing-integration.hourly.test,0ae9fc2e-581a-4aa0-a30a-8317d345f459,48f092e6-614d-411c-b63e-b3c507391652,2dc6de4d-6664-4b51-8a6d-a7fd594f1bf1,aws,us-west-2,20-test-hourly-2,2438329b-6c3e-4fa7-9148-34d3268b9eb3
billing-integration.hourly.test,af2dae75-8734-4a26-9606-6a29c9ec9bb0,48f092e6-614d-411c-b63e-b3c507391652,2dc6de4d-6664-4b51-8a6d-a7fd594f1bf1,aws,us-west-2,19-test-hourly-97,57cd8477-a90d-4f99-8e53-56ba2509b216
billing-integration.hourly.test,fb4ca4af-d037-4c56-a994-b30f4a762297,48f092e6-614d-411c-b63e-b3c507391652,2dc6de4d-6664-4b51-8a6d-a7fd594f1bf1,aws,us-west-2,18-test-hourly-44,6db26415-f707-42fd-88d3-7223b20bbba5
billing-integration.hourly.test,836d2c34-7179-4ec1-a2a6-8691dd940e6f,48f092e6-614d-411c-b63e-b3c507391652,2dc6de4d-6664-4b51-8a6d-a7fd594f1bf1,aws,us-west-2,17-test-hourly-38,df01d56f-2588-45a0-bbfe-8c516dd32cdf
billing-integration.hourly.test,1413132b-46b0-4a08-a45f-30c34ffa0d2e,c225a6bf-6dc4-49ac-bad3-23d1982d2ffc,25e93a97-0eb1-4f8b-bca6-184d896f3c5d,aws,us-west-2,test-hourly-resource-4,a7d9c652-409e-436f-90b4-be4ee09ac3a1
billing-integration.hourly.test,fdac26fd-d835-4373-bb81-23970f9c6223,c225a6bf-6dc4-49ac-bad3-23d1982d2ffc,25e93a97-0eb1-4f8b-bca6-184d896f3c5d,aws,us-west-2,test-hourly-resource-78,227b8966-3da1-4952-918f-74b62410eabf
billing-integration.hourly.test,9c74133f-9b40-482e-b059-1d39ab19d2dd,f12f4b57-0d8e-452d-b623-c19564efc24c,cd1f52d3-a73e-4949-bda7-47093c597dd8,aws,us-west-2,13-test-hourly-84,493426b0-6af0-41b4-8761-b52140e7a165
billing-integration.hourly.test,9b8e54f8-f3a6-4505-b48f-d0fe070b9ad9,f12f4b57-0d8e-452d-b623-c19564efc24c,cd1f52d3-a73e-4949-bda7-47093c597dd8,aws,us-west-2,12-test-hourly-37,105ba23e-2f73-49cd-a1db-77bb8f5e1bfe
billing-integration.hourly.test,c0da7ada-8a21-450a-9fa4-9daf01173536,f12f4b57-0d8e-452d-b623-c19564efc24c,cd1f52d3-a73e-4949-bda7-47093c597dd8,aws,us-west-2,10-test-hourly-37,be3695da-7451-45cd-92dc-7f939a065e4e
billing-integration.hourly.test,2e33059b-0fe4-4783-a2a5-a2b89cae5d57,f12f4b57-0d8e-452d-b623-c19564efc24c,cd1f52d3-a73e-4949-bda7-47093c597dd8,aws,us-west-2,8-test-hourly-48,f705973f-bd34-4a97-901d-c22938e9ae34
billing-integration.hourly.test,c3596da6-3bae-49e5-9575-62faf5fd1713,be35d0b1-7f3d-4e9d-9578-eddf7ed4e238,98b0deeb-6318-4c41-8c76-28176a7d8f55,aws,us-west-2,14-test-hourly-13,80d39aed-2555-4332-ae43-9d9609745b40
billing-integration.hourly.test,111e566e-025c-4d71-9ff6-faf07e6abcbb,be35d0b1-7f3d-4e9d-9578-eddf7ed4e238,98b0deeb-6318-4c41-8c76-28176a7d8f55,aws,us-west-2,15-test-hourly-76,e8c7bdfe-4cb5-4aa5-9c35-18a78ff7cd41
billing-integration.hourly.test,3e7526a5-4bb6-4143-8d67-403e69ed6f6e,be35d0b1-7f3d-4e9d-9578-eddf7ed4e238,98b0deeb-6318-4c41-8c76-28176a7d8f55,aws,us-west-2,11-test-hourly-70,ca91ed3e-420d-4e24-a877-af61c5f830b8
billing-integration.hourly.test,51240eaa-6068-482c-84ea-91428f43097d,be35d0b1-7f3d-4e9d-9578-eddf7ed4e238,98b0deeb-6318-4c41-8c76-28176a7d8f55,aws,us-west-2,10-test-hourly-14,3ddbd106-5fbf-4a49-896e-62f2e4e2be0b
billing-integration.hourly.test,77f8a528-adb9-4b3d-aeb0-7fe56be466ea,731764ab-9746-4637-88cd-7ddba36d2a16,223c8df7-89a8-4c45-af99-f7b6c83ec30c,aws,us-west-2,test-hourly-resource-91,02e88494-0df8-4de4-8bb4-6f1677e7a998
billing-integration.hourly.test,57790e94-28ba-4a20-a8f4-b7b7411dbdd3,731764ab-9746-4637-88cd-7ddba36d2a16,223c8df7-89a8-4c45-af99-f7b6c83ec30c,aws,us-west-2,test-hourly-resource-55,3721a693-7cce-41a0-a8c9-70f840d5cc9c
billing-integration.hourly.test,9b906cd5-4ed4-464c-918d-edc421779f6f,811c969d-64f6-4cee-a72f-7c475e0ff344,f8a9bba3-6106-4eed-9dd8-8d30e7e346ed,aws,us-west-2,test-hourly-resource-17,c715db3a-558d-491a-911e-8359c31885e8
billing-integration.hourly.test,8ecd4e31-9363-4777-8c75-20e673f64e91,811c969d-64f6-4cee-a72f-7c475e0ff344,f8a9bba3-6106-4eed-9dd8-8d30e7e346ed,aws,us-west-2,test-hourly-resource-56,5e321d24-ae27-47d6-ae2a-8b345b7261fc
billing-integration.hourly.test,df00bc6c-659b-4b9e-80b0-b1ff2fbae02e,811c969d-64f6-4cee-a72f-7c475e0ff344,f8a9bba3-6106-4eed-9dd8-8d30e7e346ed,aws,us-west-2,test-hourly-resource-8,fe031de8-beb3-4578-b628-fc505c494cf7
billing-integration.hourly.test,42a0f4d5-4680-4e9a-9d63-49170ddb6a74,f386a64f-6934-48b7-9c1d-65e6f2065760,ce5ae02c-05ec-4faf-83d8-90ff92fbd96d,aws,us-west-2,40-test-hourly-50,cf85ec27-da67-4cc4-b25c-eae0caaba371
billing-integration.hourly.test,d59ffa58-584f-4da1-9e76-5f10b9ed5800,f386a64f-6934-48b7-9c1d-65e6f2065760,ce5ae02c-05ec-4faf-83d8-90ff92fbd96d,aws,us-west-2,42-test-hourly-45,1adc1fcd-8ed4-44e4-84a3-e98559037f2c
billing-integration.hourly.test,06ba52c8-51e5-44dd-90e1-9c250f327200,f386a64f-6934-48b7-9c1d-65e6f2065760,ce5ae02c-05ec-4faf-83d8-90ff92fbd96d,aws,us-west-2,39-test-hourly-91,82ca1aca-615a-4d28-9ab9-ca925e3e24d2
billing-integration.hourly.test,fbad0544-e15c-4626-a5dd-94792410a8a8,f386a64f-6934-48b7-9c1d-65e6f2065760,ce5ae02c-05ec-4faf-83d8-90ff92fbd96d,aws,us-west-2,41-test-hourly-70,e26eeada-0b67-49f0-be66-18a946149262
billing-integration.hourly.test,f70180ab-cbed-4468-ac14-1d185d8f2b04,9bcd05d6-596f-45d5-98a4-08e944cb10a0,8a4317f0-e987-424b-a8f9-4cddcfa10f6a,aws,us-west-2,test-hourly-resource-94,407fe203-a3a4-476c-9732-d4b4ea4b6dfe
billing-integration.hourly.test,cdd8c1d1-d523-4a4f-965c-57b10b52e013,9bcd05d6-596f-45d5-98a4-08e944cb10a0,8a4317f0-e987-424b-a8f9-4cddcfa10f6a,aws,us-west-2,test-hourly-resource-35,864f28c2-742a-4bfa-998d-928acaff4113
billing-integration.hourly.test,d3941167-1bdf-4bdf-ba63-787b5ae1faa7,2ce063a6-eb20-4032-9fd1-b3f5a6fcee80,4ede94d3-0f12-464f-b08e-936196c88e1a,aws,us-west-2,11-test-hourly-75,a7552652-3a47-4c3a-9900-6c3231462df5
billing-integration.hourly.test,c21a777a-e39a-4f40-bf5f-d5d14ac0ae28,2ce063a6-eb20-4032-9fd1-b3f5a6fcee80,4ede94d3-0f12-464f-b08e-936196c88e1a,aws,us-west-2,8-test-hourly-50,f1939731-b73f-49a2-ae6f-278fe240a5a4
billing-integration.hourly.test,794e30b7-2f55-4eac-9ed0-757ee9298704,2ce063a6-eb20-4032-9fd1-b3f5a6fcee80,4ede94d3-0f12-464f-b08e-936196c88e1a,aws,us-west-2,6-test-hourly-50,673f198d-0928-4196-b37e-e752dcc6c4fc
billing-integration.hourly.test,fa8dc0f1-6434-43ea-b2aa-7aa9764902e9,2ce063a6-eb20-4032-9fd1-b3f5a6fcee80,4ede94d3-0f12-464f-b08e-936196c88e1a,aws,us-west-2,5-test-hourly-80,7b77b462-a5a4-4ec9-ace0-416eded55989
billing-integration.hourly.test,e5d856fd-530a-4bd8-9e5b-8ecc700f426a,25d4078a-0a67-4ade-ba55-4b1c417c7e11,ee6cabb6-2a9d-406b-81cd-75da3dcd0e36,aws,us-west-2,82-test-hourly-38,aee1dbe0-7e05-42aa-9fdd-10698cf37c01
billing-integration.hourly.test,310621ea-a969-4b1e-8cff-98ddbab271c4,25d4078a-0a67-4ade-ba55-4b1c417c7e11,ee6cabb6-2a9d-406b-81cd-75da3dcd0e36,aws,us-west-2,81-test-hourly-30,c3c4a0bd-29d1-4731-b75d-9599cf6c77f6
billing-integration.hourly.test,c5ecfafb-7405-4869-a470-534cf4edc4d2,25d4078a-0a67-4ade-ba55-4b1c417c7e11,ee6cabb6-2a9d-406b-81cd-75da3dcd0e36,aws,us-west-2,80-test-hourly-79,d23c5440-06b6-4101-a4e2-78309ad6ec24
billing-integration.hourly.test,cb9f963e-0b32-4bac-88a3-cd6cc627d9dc,25d4078a-0a67-4ade-ba55-4b1c417c7e11,ee6cabb6-2a9d-406b-81cd-75da3dcd0e36,aws,us-west-2,79-test-hourly-40,bba5dda7-25a4-4119-8522-8d708022be73
billing-integration.hourly.test,644ebe65-cc3b-411b-a5a1-61af9317da43,025c3d41-2cfb-4dfc-bb8d-679111518a9e,24ae3278-15ac-4679-b48b-f371340bd7b6,aws,us-west-2,38-test-hourly-86,ee87b794-4758-4cf0-9626-6c0d9cdcd84f
billing-integration.hourly.test,69873e84-a4aa-4451-b701-da2bda79203e,025c3d41-2cfb-4dfc-bb8d-679111518a9e,24ae3278-15ac-4679-b48b-f371340bd7b6,aws,us-west-2,37-test-hourly-73,7fafc58a-1318-46c2-b8b6-f5fb8a0c2b99
billing-integration.hourly.test,ab6c6af7-8da5-4658-acfa-a3dc0c943fa0,025c3d41-2cfb-4dfc-bb8d-679111518a9e,24ae3278-15ac-4679-b48b-f371340bd7b6,aws,us-west-2,36-test-hourly-17,7bb58664-4342-43e7-acd6-2a7d2e7774be
billing-integration.hourly.test,088c0414-0db7-4b8e-a569-b7d38e5eaea4,025c3d41-2cfb-4dfc-bb8d-679111518a9e,24ae3278-15ac-4679-b48b-f371340bd7b6,aws,us-west-2,35-test-hourly-15,53a00cf4-32db-462e-ba37-1e228ea4e080
billing-integration.hourly.test,1652929b-9271-40b6-b6d3-40bf09a3ceaf,32b846e9-7d5a-4acf-87c3-3a2f99ed9144,46148772-5443-4faa-b611-4348dafee77b,aws,us-west-2,46-test-hourly-69,5f755ffd-5fd4-460f-8ab1-fad3e605feef
billing-integration.hourly.test,f199644e-6b9f-4f4f-aff0-55d1c89b679c,32b846e9-7d5a-4acf-87c3-3a2f99ed9144,46148772-5443-4faa-b611-4348dafee77b,aws,us-west-2,45-test-hourly-17,32b369e9-4ecb-4a4e-b997-383f6cc409f6
billing-integration.hourly.test,622bf9e3-fd85-4559-badf-d26855522026,32b846e9-7d5a-4acf-87c3-3a2f99ed9144,46148772-5443-4faa-b611-4348dafee77b,aws,us-west-2,44-test-hourly-58,76a22c3a-76f0-430c-bde1-1932355d4476
billing-integration.hourly.test,d6c3ee01-5c65-4e01-9efc-19c7e09018ff,32b846e9-7d5a-4acf-87c3-3a2f99ed9144,46148772-5443-4faa-b611-4348dafee77b,aws,us-west-2,43-test-hourly-29,14d11b5e-f0dd-4c43-9ef8-c4871aa3fab6
billing-integration.monthly-cumulative.test,ce3ceb47-79d8-4ad7-ae10-8acc66ae891e,8cbfa82a-26bd-4208-aa96-35b8ef229632,0c30b808-5898-4a47-9523-7551a45b5dcc,aws,us-west-2,32-test-monthly-cmv-25,9e42d0b4-04f7-4750-8462-43420c1ade39
billing-integration.hourly.test,9173d684-4700-4ff6-b3cf-9e6e90d26190,48fe79ce-f025-43b7-a1ab-e50bc6431eb4,a112aad3-c57c-4555-8fd6-15c71f2d868b,aws,us-west-2,32-test-hourly-80,b848a94e-da65-47b2-87d4-03390f88d1d7
billing-integration.hourly.test,1afc2101-1871-4d35-a4bc-d2a3a4e7773a,48fe79ce-f025-43b7-a1ab-e50bc6431eb4,a112aad3-c57c-4555-8fd6-15c71f2d868b,aws,us-west-2,31-test-hourly-70,36d74816-ed2d-4224-801f-fe665ccabf64
billing-integration.hourly.test,c0a3a4c1-01ee-4220-ad49-b3520a3ec175,48fe79ce-f025-43b7-a1ab-e50bc6431eb4,a112aad3-c57c-4555-8fd6-15c71f2d868b,aws,us-west-2,30-test-hourly-98,9dfdf4bf-4025-4348-8330-0279e14acefb
billing-integration.hourly.test,03179aa5-14b2-449c-94ac-7cda7c053199,48fe79ce-f025-43b7-a1ab-e50bc6431eb4,a112aad3-c57c-4555-8fd6-15c71f2d868b,aws,us-west-2,29-test-hourly-50,54ab16e8-44dc-41f1-be8a-c2f56ab770aa
billing-integration.hourly.test,a0f0292c-7478-4b20-9c61-e7505ad9e206,a27e6d8a-3179-47e4-bd62-bdb49b30a4bf,a7dffef8-6188-4622-aa22-786ee1294a29,aws,us-west-2,test-hourly-resource-95,09032828-eb7b-4644-9b4e-81bda7f18615
billing-integration.hourly.test,92928684-2dd2-4f2e-abdf-cbb4eecb6e24,a27e6d8a-3179-47e4-bd62-bdb49b30a4bf,a7dffef8-6188-4622-aa22-786ee1294a29,aws,us-west-2,test-hourly-resource-32,6c19e101-c098-426c-ad6d-ea32e7d7e2b2
billing-integration.hourly.test,43a4f1d6-f368-489d-90de-7aebb8d68812,a27e6d8a-3179-47e4-bd62-bdb49b30a4bf,a7dffef8-6188-4622-aa22-786ee1294a29,aws,us-west-2,test-hourly-resource-6,1a0ed6ba-4667-4f99-aa3d-eda6711871b1
billing-integration.hourly.test,edc47b7d-9de9-4e3a-8ab4-df6797fe42a7,1aa47143-3670-437e-9d7a-b3d440fe0a5f,30baeb4b-aaaa-4d4d-9095-3cee0fb5700b,aws,us-west-2,28-test-hourly-24,85ebdc5a-f75b-41e3-a624-a8b13dbf2df6
billing-integration.hourly.test,31f9cd30-dc67-48d2-a734-fb567819d6bb,1aa47143-3670-437e-9d7a-b3d440fe0a5f,30baeb4b-aaaa-4d4d-9095-3cee0fb5700b,aws,us-west-2,29-test-hourly-77,c68e6d5e-1338-49d8-a5e3-846eb2f632b7
billing-integration.hourly.test,65aadd9b-008e-454c-b8b6-d91f6c51eaaf,1aa47143-3670-437e-9d7a-b3d440fe0a5f,30baeb4b-aaaa-4d4d-9095-3cee0fb5700b,aws,us-west-2,26-test-hourly-15,d8a72f5d-2f61-4cd0-9e93-e0ac64eacf59
billing-integration.hourly.test,e67cd06e-97b8-4892-9d20-1a9e212e1b94,1aa47143-3670-437e-9d7a-b3d440fe0a5f,30baeb4b-aaaa-4d4d-9095-3cee0fb5700b,aws,us-west-2,27-test-hourly-78,91069d06-c81c-4541-8171-742405ccef7b
billing-integration.monthly-cumulative.test,729ed043-5131-426d-8ca5-fa8852971650,46ddbc6b-488d-43cd-bd02-6db5920077d1,d6676e7a-6b3a-4c2b-9657-44641fa41bdf,aws,us-west-2,47-test-monthly-cmv-37,d7e1ce3c-5931-4d93-95a5-6f4876c9a092
billing-integration.hourly.test,f25c226b-2e5f-49bb-a7e8-36642a18e9da,0e609d75-ed4f-42d8-b3b2-3ffb0f384ec0,ce66b94f-b94c-4b3f-a5cb-a71f756765ab,aws,us-west-2,test-hourly-resource-29,7b040978-218b-4acb-a993-eb3c375f6c6b
billing-integration.hourly.test,994595de-cb14-4fc9-b82d-2307abd30a04,0e609d75-ed4f-42d8-b3b2-3ffb0f384ec0,ce66b94f-b94c-4b3f-a5cb-a71f756765ab,aws,us-west-2,test-hourly-resource-88,6f64c55d-22b6-42cf-af0c-24368f775be0
billing-integration.hourly.test,aa5f9eae-8c8a-4c5a-80d5-de25fc6c052a,0e609d75-ed4f-42d8-b3b2-3ffb0f384ec0,ce66b94f-b94c-4b3f-a5cb-a71f756765ab,aws,us-west-2,test-hourly-resource-94,aa11c5e1-9ac5-436d-b1d8-5c6b75d4a827
billing-integration.hourly.test,446db4b0-b073-412a-a83d-2e7ee1e05564,cd988589-1db3-41df-ae4b-54f231ea3c98,17835da6-e437-415c-8056-ed670039de88,aws,us-west-2,50-test-hourly-30,759a8275-de00-4101-a475-6b01173c88ad
billing-integration.hourly.test,587c3e51-1e9b-4ccd-86bc-81c9e97d950c,cd988589-1db3-41df-ae4b-54f231ea3c98,17835da6-e437-415c-8056-ed670039de88,aws,us-west-2,49-test-hourly-48,dbb00de9-191f-4fa7-9bf1-e4841feb9638
billing-integration.hourly.test,f7872164-70c9-4f53-91e7-4fabb42780c1,cd988589-1db3-41df-ae4b-54f231ea3c98,17835da6-e437-415c-8056-ed670039de88,aws,us-west-2,48-test-hourly-66,8ae17780-153c-4724-a29b-cb496f0f018d
billing-integration.hourly.test,d2f9a64e-92db-45a1-a25d-13777caf9218,cd988589-1db3-41df-ae4b-54f231ea3c98,17835da6-e437-415c-8056-ed670039de88,aws,us-west-2,47-test-hourly-6,39d3af47-4bfe-49c4-b5dd-44500c928ae8
billing-integration.hourly.test,47fe5910-d0bb-4e75-83b4-05be3db020e5,d25679a1-2526-40b1-9e71-5d842273e991,202de362-5e74-4533-b1dc-7a7fdb7cc47a,aws,us-west-2,67-test-hourly-9,5dbd1b6c-8a94-44b9-8429-d5efdcebfb12
billing-integration.hourly.test,322fbe09-6e25-41a4-8d2f-a1c499919325,d25679a1-2526-40b1-9e71-5d842273e991,202de362-5e74-4533-b1dc-7a7fdb7cc47a,aws,us-west-2,66-test-hourly-28,13fbaa37-fa0f-46ee-88aa-3d2d7f7d5c4a
billing-integration.hourly.test,9ab9a9fe-b352-4f18-801f-f4c4c0fddd25,d25679a1-2526-40b1-9e71-5d842273e991,202de362-5e74-4533-b1dc-7a7fdb7cc47a,aws,us-west-2,65-test-hourly-52,389dfc38-b738-43e4-8416-570a7eeadb6b
billing-integration.hourly.test,3506833e-45cc-4783-b019-2f76c9b3f7a0,d25679a1-2526-40b1-9e71-5d842273e991,202de362-5e74-4533-b1dc-7a7fdb7cc47a,aws,us-west-2,64-test-hourly-72,70c4d221-4413-4c20-b800-a8285fc82812
billing-integration.hourly.test,920ca61b-dec1-410c-a58f-3670715a1b9c,bc538eda-e275-47e3-9184-6c8274515a69,e961079a-64ad-49bb-8e58-090ae840fcd1,aws,us-west-2,15-test-hourly-40,6718b772-9e92-42eb-985f-44ed5862fc13
billing-integration.hourly.test,341e6c54-eda6-43b4-b722-d576b9dc6319,bc538eda-e275-47e3-9184-6c8274515a69,e961079a-64ad-49bb-8e58-090ae840fcd1,aws,us-west-2,14-test-hourly-96,9d1c8a5e-b0a4-487c-829b-353b5e5a9586
billing-integration.hourly.test,86afea8a-8cb6-4d42-b451-075fc893940f,bc538eda-e275-47e3-9184-6c8274515a69,e961079a-64ad-49bb-8e58-090ae840fcd1,aws,us-west-2,16-test-hourly-46,e6da925a-2ae3-4963-820e-7ddcdec615b1
billing-integration.hourly.test,ce16a6c2-8304-44bb-bed3-4e7912e5aa30,bc538eda-e275-47e3-9184-6c8274515a69,e961079a-64ad-49bb-8e58-090ae840fcd1,aws,us-west-2,13-test-hourly-52,877ec6f9-4b50-4b55-b005-a096894c867f
billing-integration.hourly-metric-only.test,5eefde81-7aff-4c06-90a0-c33a6e614c8f,7d66a4e7-db80-4ebc-a1c6-fffee3b9cce4,8363f025-6c7f-45fd-8960-095ee54ebb4a,aws,us-west-2,7-test-hourly-metric-only-88,874651f5-c1b5-4505-95ac-e83c2b4c50b1
billing-integration.hourly.test,328afb22-b7ec-4f83-94ca-6c7a0ffdb248,25fc39a1-dcac-4b7a-9554-bc831fb88d49,afbe41ff-92e2-49e0-b4a9-39dc5e58ab35,aws,us-west-2,70-test-hourly-75,fa39f3d7-71cc-440c-bc45-e5ee11fef2fe
billing-integration.hourly.test,79cc06af-7cc7-42eb-a72a-9025018573ec,25fc39a1-dcac-4b7a-9554-bc831fb88d49,afbe41ff-92e2-49e0-b4a9-39dc5e58ab35,aws,us-west-2,69-test-hourly-39,cfb24663-cdcd-476f-9ee8-845ab0677bac
billing-integration.hourly.test,851c14b2-3e6a-4ded-8d28-92a007fc5aa3,25fc39a1-dcac-4b7a-9554-bc831fb88d49,afbe41ff-92e2-49e0-b4a9-39dc5e58ab35,aws,us-west-2,68-test-hourly-51,ba7838f6-d9b1-4f9a-be3d-52fa2888b1c6
billing-integration.hourly.test,83b499e6-845c-42c0-9cc8-99396850e4dd,25fc39a1-dcac-4b7a-9554-bc831fb88d49,afbe41ff-92e2-49e0-b4a9-39dc5e58ab35,aws,us-west-2,67-test-hourly-63,9699083b-e3a9-4b5c-9e68-c81e7ce24495
billing-integration.hourly.test,06c03381-acd4-4cab-9797-a2ed80bd80de,b245a870-441a-48ff-9476-4ed3c8440b32,dd87eacf-25b8-48c4-9dee-49efb89718c9,aws,us-west-2,52-test-hourly-57,cccbdb9c-0a9b-41c6-a6e4-0c3174477603
billing-integration.hourly.test,8aa70822-25db-4164-b2fb-d30191e11054,b245a870-441a-48ff-9476-4ed3c8440b32,dd87eacf-25b8-48c4-9dee-49efb89718c9,aws,us-west-2,51-test-hourly-68,bfe28a97-8c16-4c28-b57d-007e8e577d67
billing-integration.hourly.test,a2e9164f-b824-48c1-b721-56e8387d64a7,b245a870-441a-48ff-9476-4ed3c8440b32,dd87eacf-25b8-48c4-9dee-49efb89718c9,aws,us-west-2,50-test-hourly-27,bf2905d2-bae6-4695-900c-f24c58d6ade6
billing-integration.hourly.test,bc3fc51c-106f-4cd2-afe7-97ad3c3b1559,b245a870-441a-48ff-9476-4ed3c8440b32,dd87eacf-25b8-48c4-9dee-49efb89718c9,aws,us-west-2,49-test-hourly-39,b8bdba72-c5da-40bb-9bf2-304cda3341cd
billing-integration.monthly-cumulative.test,d7e93249-17a9-491b-bf81-5f0268193314,eaf10e87-26aa-4599-ac6d-1ff6da839ba0,5bc7ca6b-cd31-4ada-beee-dbc9a936bec5,aws,us-west-2,9-test-monthly-cmv-59,d1c3f583-9fc3-4e64-b406-477ded38c944
billing-integration.hourly.test,09d1a5e3-5181-463d-8d74-de9cf6e245a0,967ecd8c-8f09-41db-ad97-4c76014078dd,794c94cb-b157-44f8-a416-d762853aa503,aws,us-west-2,39-test-hourly-12,06e1d6b9-4c7c-42f0-a9bc-ada782fcd031
billing-integration.hourly.test,f0a6c442-1355-4ed4-9b32-9640fe4de1e8,967ecd8c-8f09-41db-ad97-4c76014078dd,794c94cb-b157-44f8-a416-d762853aa503,aws,us-west-2,38-test-hourly-48,81362f8e-dbc8-460a-9e56-a9a189940d37
billing-integration.hourly.test,49b7f8fd-8d16-401b-86dc-5a2316674e88,967ecd8c-8f09-41db-ad97-4c76014078dd,794c94cb-b157-44f8-a416-d762853aa503,aws,us-west-2,37-test-hourly-60,58d2fb81-d2f9-40fa-bbe0-bf41cd48fa17
billing-integration.hourly.test,619ad3aa-4a50-49eb-8df1-6f87db8d5846,967ecd8c-8f09-41db-ad97-4c76014078dd,794c94cb-b157-44f8-a416-d762853aa503,aws,us-west-2,36-test-hourly-34,e11f7a7d-644f-406c-bfee-a515fe761585
billing-integration.hourly.test,813c053b-0668-4a56-9320-a5d71f46fc15,eabcb272-b3ec-49d2-95f8-2385544008ef,3e18236e-ebbc-44cc-be0d-8c8d6cb97917,aws,us-west-2,test-hourly-resource-38,b5f4208a-0db4-4e0a-83b3-e7ace4aafc6f
billing-integration.hourly.test,7bff4205-89b4-41b6-bd6e-90bd89d62f80,eabcb272-b3ec-49d2-95f8-2385544008ef,3e18236e-ebbc-44cc-be0d-8c8d6cb97917,aws,us-west-2,test-hourly-resource-86,c3781d5c-45fc-4775-9c4a-4637594b0e6c
billing-integration.hourly.test,49e4ef8a-9af6-4744-b9e5-75fc147656f2,eabcb272-b3ec-49d2-95f8-2385544008ef,3e18236e-ebbc-44cc-be0d-8c8d6cb97917,aws,us-west-2,test-hourly-resource-93,e932de02-85e4-4953-b1bb-217bbeac1140
billing-integration.hourly.test,07f83c98-aa0a-4fb2-9c2a-6a523160aa3f,c739beb8-e0d3-422a-ae88-ba6a0592626e,c0c52b10-2ba4-4de5-bdbc-63b6eb996cf4,aws,us-west-2,35-test-hourly-97,9997fb57-c4db-4275-9abd-7776fd67d819
billing-integration.hourly.test,7a273220-b69f-4933-9e96-0a69185a7500,c739beb8-e0d3-422a-ae88-ba6a0592626e,c0c52b10-2ba4-4de5-bdbc-63b6eb996cf4,aws,us-west-2,34-test-hourly-69,93a1c0ea-20cb-4d7b-b373-b7cbd47c3648
billing-integration.hourly.test,545ec079-f5c3-419e-8d10-3c282ae0f13c,c739beb8-e0d3-422a-ae88-ba6a0592626e,c0c52b10-2ba4-4de5-bdbc-63b6eb996cf4,aws,us-west-2,33-test-hourly-11,3fbccf92-df45-44f4-839e-e9de4c6f45d7
billing-integration.hourly.test,43bd8e5d-0161-4bca-9ffe-24dfddba9f0f,c739beb8-e0d3-422a-ae88-ba6a0592626e,c0c52b10-2ba4-4de5-bdbc-63b6eb996cf4,aws,us-west-2,32-test-hourly-60,8bb4676d-a65d-4483-a8af-41fbfbf4f0b2
billing-integration.hourly.test,6e19864a-eb02-4966-8d57-86d9dff6fab7,e12eb657-37c1-4a88-b36f-5f9b1ec4bdef,68fd217c-3a17-44cd-a304-984ad18e7790,aws,us-west-2,48-test-hourly-31,0c75236c-2b2b-4d18-a004-23a35a587212
billing-integration.hourly.test,9a2abca3-1eff-4703-8dc6-23143c2ebd41,e12eb657-37c1-4a88-b36f-5f9b1ec4bdef,68fd217c-3a17-44cd-a304-984ad18e7790,aws,us-west-2,47-test-hourly-21,69e7c6ef-59b9-4104-a9ea-7550793c383b
billing-integration.hourly.test,85d59754-9532-463a-b813-18802b5849ba,e12eb657-37c1-4a88-b36f-5f9b1ec4bdef,68fd217c-3a17-44cd-a304-984ad18e7790,aws,us-west-2,46-test-hourly-98,335a6d6f-69a0-45d4-8d9f-2a8b0aa356ed
billing-integration.hourly.test,de946857-9bc4-4230-9d2e-2e10c0f92cf6,e12eb657-37c1-4a88-b36f-5f9b1ec4bdef,68fd217c-3a17-44cd-a304-984ad18e7790,aws,us-west-2,45-test-hourly-10,1d34938e-f277-476e-af3c-b0b9bbce034b
billing-integration.hourly.test,979b8b8a-96c6-41df-8242-e153fbb00f84,c0019fbd-1b09-4782-bac9-df148f57e066,6bb8b6d6-cb84-4b16-a532-86a8c76bee2a,aws,us-west-2,25-test-hourly-76,7e5d5f58-3a05-49fc-ac06-69a141554591
billing-integration.hourly.test,657cf145-3b30-4dff-a20d-91bb32d13f21,c0019fbd-1b09-4782-bac9-df148f57e066,6bb8b6d6-cb84-4b16-a532-86a8c76bee2a,aws,us-west-2,26-test-hourly-16,82616522-95b7-48ef-8308-7dd34d04d0d5
billing-integration.hourly.test,2f2a1244-12d0-4a47-b613-afb48478f560,c0019fbd-1b09-4782-bac9-df148f57e066,6bb8b6d6-cb84-4b16-a532-86a8c76bee2a,aws,us-west-2,24-test-hourly-43,1ca51b98-5462-4795-8cba-5ae9c3608015
billing-integration.hourly.test,62378673-f615-4bb5-8971-b05b5681b8c2,c0019fbd-1b09-4782-bac9-df148f57e066,6bb8b6d6-cb84-4b16-a532-86a8c76bee2a,aws,us-west-2,23-test-hourly-74,bac5f174-ade2-47c7-b5cc-e88b642c9722
